iso3,year,month,funding_usd,ocha_data_flag
BHS,2019,2019-01-01,2520664.92,ocha_reported
BHS,2019,2019-02-01,2520664.92,ocha_reported
BHS,2019,2019-03-01,2520664.92,ocha_reported
BHS,2019,2019-04-01,2520664.92,ocha_reported
BHS,2019,2019-05-01,2520664.92,ocha_reported
BHS,2019,2019-06-01,2520664.92,ocha_reported
BHS,2019,2019-07-01,2520664.92,ocha_reported
BHS,2019,2019-08-01,2520664.92,ocha_reported
BHS,2019,2019-09-01,2520664.92,ocha_reported
BHS,2019,2019-10-01,2520664.92,ocha_reported
BHS,2019,2019-11-01,2520664.92,ocha_reported
BHS,2019,2019-12-01,2520664.92,ocha_reported
BHS,2020,2020-01-01,381128.75,ocha_reported
BHS,2020,2020-02-01,381128.75,ocha_reported
BHS,2020,2020-03-01,381128.75,ocha_reported
BHS,2020,2020-04-01,381128.75,ocha_reported
BHS,2020,2020-05-01,381128.75,ocha_reported
BHS,2020,2020-06-01,381128.75,ocha_reported
BHS,2020,2020-07-01,381128.75,ocha_reported
BHS,2020,2020-08-01,381128.75,ocha_reported
BHS,2020,2020-09-01,381128.75,ocha_reported
BHS,2020,2020-10-01,381128.75,ocha_reported
BHS,2020,2020-11-01,381128.75,ocha_reported
BHS,2020,2020-12-01,381128.75,ocha_reported
BHS,2021,2021-01-01,33257.33,ocha_reported
BHS,2021,2021-02-01,33257.33,ocha_reported
BHS,2021,2021-03-01,33257.33,ocha_reported
BHS,2021,2021-04-01,33257.33,ocha_reported
BHS,2021,2021-05-01,33257.33,ocha_reported
BHS,2021,2021-06-01,33257.33,ocha_reported
BHS,2021,2021-07-01,33257.33,ocha_reported
BHS,2021,2021-08-01,33257.33,ocha_reported
BHS,2021,2021-09-01,33257.33,ocha_reported
BHS,2021,2021-10-01,33257.33,ocha_reported
BHS,2021,2021-11-01,33257.33,ocha_reported
BHS,2021,2021-12-01,33257.33,ocha_reported
BHS,2022,2022-01-01,0.0,ocha_zero_no_flows
BHS,2022,2022-02-01,0.0,ocha_zero_no_flows
BHS,2022,2022-03-01,0.0,ocha_zero_no_flows
BHS,2022,2022-04-01,0.0,ocha_zero_no_flows
BHS,2022,2022-05-01,0.0,ocha_zero_no_flows
BHS,2022,2022-06-01,0.0,ocha_zero_no_flows
BHS,2022,2022-07-01,0.0,ocha_zero_no_flows
BHS,2022,2022-08-01,0.0,ocha_zero_no_flows
BHS,2022,2022-09-01,0.0,ocha_zero_no_flows
BHS,2022,2022-10-01,0.0,ocha_zero_no_flows
BHS,2022,2022-11-01,0.0,ocha_zero_no_flows
BHS,2022,2022-12-01,0.0,ocha_zero_no_flows
BHS,2023,2023-01-01,31144.25,ocha_reported
BHS,2023,2023-02-01,31144.25,ocha_reported
BHS,2023,2023-03-01,31144.25,ocha_reported
BHS,2023,2023-04-01,31144.25,ocha_reported
BHS,2023,2023-05-01,31144.25,ocha_reported
BHS,2023,2023-06-01,31144.25,ocha_reported
BHS,2023,2023-07-01,31144.25,ocha_reported
BHS,2023,2023-08-01,31144.25,ocha_reported
BHS,2023,2023-09-01,31144.25,ocha_reported
BHS,2023,2023-10-01,31144.25,ocha_reported
BHS,2023,2023-11-01,31144.25,ocha_reported
BHS,2023,2023-12-01,31144.25,ocha_reported
BHS,2024,2024-01-01,42974.42,ocha_reported
BHS,2024,2024-02-01,42974.42,ocha_reported
BHS,2024,2024-03-01,42974.42,ocha_reported
BHS,2024,2024-04-01,42974.42,ocha_reported
BHS,2024,2024-05-01,42974.42,ocha_reported
BHS,2024,2024-06-01,42974.42,ocha_reported
BHS,2024,2024-07-01,42974.42,ocha_reported
BHS,2024,2024-08-01,42974.42,ocha_reported
BHS,2024,2024-09-01,42974.42,ocha_reported
BHS,2024,2024-10-01,42974.42,ocha_reported
BHS,2024,2024-11-01,42974.42,ocha_reported
BHS,2024,2024-12-01,42974.42,ocha_reported
BLZ,2019,2019-01-01,0.0,ocha_zero_no_flows
BLZ,2019,2019-02-01,0.0,ocha_zero_no_flows
BLZ,2019,2019-03-01,0.0,ocha_zero_no_flows
BLZ,2019,2019-04-01,0.0,ocha_zero_no_flows
BLZ,2019,2019-05-01,0.0,ocha_zero_no_flows
BLZ,2019,2019-06-01,0.0,ocha_zero_no_flows
BLZ,2019,2019-07-01,0.0,ocha_zero_no_flows
BLZ,2019,2019-08-01,0.0,ocha_zero_no_flows
BLZ,2019,2019-09-01,0.0,ocha_zero_no_flows
BLZ,2019,2019-10-01,0.0,ocha_zero_no_flows
BLZ,2019,2019-11-01,0.0,ocha_zero_no_flows
BLZ,2019,2019-12-01,0.0,ocha_zero_no_flows
BLZ,2020,2020-01-01,133851.75,ocha_reported
BLZ,2020,2020-02-01,133851.75,ocha_reported
BLZ,2020,2020-03-01,133851.75,ocha_reported
BLZ,2020,2020-04-01,133851.75,ocha_reported
BLZ,2020,2020-05-01,133851.75,ocha_reported
BLZ,2020,2020-06-01,133851.75,ocha_reported
BLZ,2020,2020-07-01,133851.75,ocha_reported
BLZ,2020,2020-08-01,133851.75,ocha_reported
BLZ,2020,2020-09-01,133851.75,ocha_reported
BLZ,2020,2020-10-01,133851.75,ocha_reported
BLZ,2020,2020-11-01,133851.75,ocha_reported
BLZ,2020,2020-12-01,133851.75,ocha_reported
BLZ,2021,2021-01-01,57250.0,ocha_reported
BLZ,2021,2021-02-01,57250.0,ocha_reported
BLZ,2021,2021-03-01,57250.0,ocha_reported
BLZ,2021,2021-04-01,57250.0,ocha_reported
BLZ,2021,2021-05-01,57250.0,ocha_reported
BLZ,2021,2021-06-01,57250.0,ocha_reported
BLZ,2021,2021-07-01,57250.0,ocha_reported
BLZ,2021,2021-08-01,57250.0,ocha_reported
BLZ,2021,2021-09-01,57250.0,ocha_reported
BLZ,2021,2021-10-01,57250.0,ocha_reported
BLZ,2021,2021-11-01,57250.0,ocha_reported
BLZ,2021,2021-12-01,57250.0,ocha_reported
BLZ,2022,2022-01-01,417326.83,ocha_reported
BLZ,2022,2022-02-01,417326.83,ocha_reported
BLZ,2022,2022-03-01,417326.83,ocha_reported
BLZ,2022,2022-04-01,417326.83,ocha_reported
BLZ,2022,2022-05-01,417326.83,ocha_reported
BLZ,2022,2022-06-01,417326.83,ocha_reported
BLZ,2022,2022-07-01,417326.83,ocha_reported
BLZ,2022,2022-08-01,417326.83,ocha_reported
BLZ,2022,2022-09-01,417326.83,ocha_reported
BLZ,2022,2022-10-01,417326.83,ocha_reported
BLZ,2022,2022-11-01,417326.83,ocha_reported
BLZ,2022,2022-12-01,417326.83,ocha_reported
BLZ,2023,2023-01-01,402384.67,ocha_reported
BLZ,2023,2023-02-01,402384.67,ocha_reported
BLZ,2023,2023-03-01,402384.67,ocha_reported
BLZ,2023,2023-04-01,402384.67,ocha_reported
BLZ,2023,2023-05-01,402384.67,ocha_reported
BLZ,2023,2023-06-01,402384.67,ocha_reported
BLZ,2023,2023-07-01,402384.67,ocha_reported
BLZ,2023,2023-08-01,402384.67,ocha_reported
BLZ,2023,2023-09-01,402384.67,ocha_reported
BLZ,2023,2023-10-01,402384.67,ocha_reported
BLZ,2023,2023-11-01,402384.67,ocha_reported
BLZ,2023,2023-12-01,402384.67,ocha_reported
BLZ,2024,2024-01-01,349992.92,ocha_reported
BLZ,2024,2024-02-01,349992.92,ocha_reported
BLZ,2024,2024-03-01,349992.92,ocha_reported
BLZ,2024,2024-04-01,349992.92,ocha_reported
BLZ,2024,2024-05-01,349992.92,ocha_reported
BLZ,2024,2024-06-01,349992.92,ocha_reported
BLZ,2024,2024-07-01,349992.92,ocha_reported
BLZ,2024,2024-08-01,349992.92,ocha_reported
BLZ,2024,2024-09-01,349992.92,ocha_reported
BLZ,2024,2024-10-01,349992.92,ocha_reported
BLZ,2024,2024-11-01,349992.92,ocha_reported
BLZ,2024,2024-12-01,349992.92,ocha_reported
BRB,2019,2019-01-01,0.0,ocha_zero_no_flows
BRB,2019,2019-02-01,0.0,ocha_zero_no_flows
BRB,2019,2019-03-01,0.0,ocha_zero_no_flows
BRB,2019,2019-04-01,0.0,ocha_zero_no_flows
BRB,2019,2019-05-01,0.0,ocha_zero_no_flows
BRB,2019,2019-06-01,0.0,ocha_zero_no_flows
BRB,2019,2019-07-01,0.0,ocha_zero_no_flows
BRB,2019,2019-08-01,0.0,ocha_zero_no_flows
BRB,2019,2019-09-01,0.0,ocha_zero_no_flows
BRB,2019,2019-10-01,0.0,ocha_zero_no_flows
BRB,2019,2019-11-01,0.0,ocha_zero_no_flows
BRB,2019,2019-12-01,0.0,ocha_zero_no_flows
BRB,2020,2020-01-01,159200.33,ocha_reported
BRB,2020,2020-02-01,159200.33,ocha_reported
BRB,2020,2020-03-01,159200.33,ocha_reported
BRB,2020,2020-04-01,159200.33,ocha_reported
BRB,2020,2020-05-01,159200.33,ocha_reported
BRB,2020,2020-06-01,159200.33,ocha_reported
BRB,2020,2020-07-01,159200.33,ocha_reported
BRB,2020,2020-08-01,159200.33,ocha_reported
BRB,2020,2020-09-01,159200.33,ocha_reported
BRB,2020,2020-10-01,159200.33,ocha_reported
BRB,2020,2020-11-01,159200.33,ocha_reported
BRB,2020,2020-12-01,159200.33,ocha_reported
BRB,2021,2021-01-01,19491.17,ocha_reported
BRB,2021,2021-02-01,19491.17,ocha_reported
BRB,2021,2021-03-01,19491.17,ocha_reported
BRB,2021,2021-04-01,19491.17,ocha_reported
BRB,2021,2021-05-01,19491.17,ocha_reported
BRB,2021,2021-06-01,19491.17,ocha_reported
BRB,2021,2021-07-01,19491.17,ocha_reported
BRB,2021,2021-08-01,19491.17,ocha_reported
BRB,2021,2021-09-01,19491.17,ocha_reported
BRB,2021,2021-10-01,19491.17,ocha_reported
BRB,2021,2021-11-01,19491.17,ocha_reported
BRB,2021,2021-12-01,19491.17,ocha_reported
BRB,2022,2022-01-01,128683.33,ocha_reported
BRB,2022,2022-02-01,128683.33,ocha_reported
BRB,2022,2022-03-01,128683.33,ocha_reported
BRB,2022,2022-04-01,128683.33,ocha_reported
BRB,2022,2022-05-01,128683.33,ocha_reported
BRB,2022,2022-06-01,128683.33,ocha_reported
BRB,2022,2022-07-01,128683.33,ocha_reported
BRB,2022,2022-08-01,128683.33,ocha_reported
BRB,2022,2022-09-01,128683.33,ocha_reported
BRB,2022,2022-10-01,128683.33,ocha_reported
BRB,2022,2022-11-01,128683.33,ocha_reported
BRB,2022,2022-12-01,128683.33,ocha_reported
BRB,2023,2023-01-01,65953.67,ocha_reported
BRB,2023,2023-02-01,65953.67,ocha_reported
BRB,2023,2023-03-01,65953.67,ocha_reported
BRB,2023,2023-04-01,65953.67,ocha_reported
BRB,2023,2023-05-01,65953.67,ocha_reported
BRB,2023,2023-06-01,65953.67,ocha_reported
BRB,2023,2023-07-01,65953.67,ocha_reported
BRB,2023,2023-08-01,65953.67,ocha_reported
BRB,2023,2023-09-01,65953.67,ocha_reported
BRB,2023,2023-10-01,65953.67,ocha_reported
BRB,2023,2023-11-01,65953.67,ocha_reported
BRB,2023,2023-12-01,65953.67,ocha_reported
BRB,2024,2024-01-01,61670.58,ocha_reported
BRB,2024,2024-02-01,61670.58,ocha_reported
BRB,2024,2024-03-01,61670.58,ocha_reported
BRB,2024,2024-04-01,61670.58,ocha_reported
BRB,2024,2024-05-01,61670.58,ocha_reported
BRB,2024,2024-06-01,61670.58,ocha_reported
BRB,2024,2024-07-01,61670.58,ocha_reported
BRB,2024,2024-08-01,61670.58,ocha_reported
BRB,2024,2024-09-01,61670.58,ocha_reported
BRB,2024,2024-10-01,61670.58,ocha_reported
BRB,2024,2024-11-01,61670.58,ocha_reported
BRB,2024,2024-12-01,61670.58,ocha_reported
COL,2019,2019-01-01,25773115.5,ocha_reported
COL,2019,2019-02-01,25773115.5,ocha_reported
COL,2019,2019-03-01,25773115.5,ocha_reported
COL,2019,2019-04-01,25773115.5,ocha_reported
COL,2019,2019-05-01,25773115.5,ocha_reported
COL,2019,2019-06-01,25773115.5,ocha_reported
COL,2019,2019-07-01,25773115.5,ocha_reported
COL,2019,2019-08-01,25773115.5,ocha_reported
COL,2019,2019-09-01,25773115.5,ocha_reported
COL,2019,2019-10-01,25773115.5,ocha_reported
COL,2019,2019-11-01,25773115.5,ocha_reported
COL,2019,2019-12-01,25773115.5,ocha_reported
COL,2020,2020-01-01,43370651.17,ocha_reported
COL,2020,2020-02-01,43370651.17,ocha_reported
COL,2020,2020-03-01,43370651.17,ocha_reported
COL,2020,2020-04-01,43370651.17,ocha_reported
COL,2020,2020-05-01,43370651.17,ocha_reported
COL,2020,2020-06-01,43370651.17,ocha_reported
COL,2020,2020-07-01,43370651.17,ocha_reported
COL,2020,2020-08-01,43370651.17,ocha_reported
COL,2020,2020-09-01,43370651.17,ocha_reported
COL,2020,2020-10-01,43370651.17,ocha_reported
COL,2020,2020-11-01,43370651.17,ocha_reported
COL,2020,2020-12-01,43370651.17,ocha_reported
COL,2021,2021-01-01,42252109.83,ocha_reported
COL,2021,2021-02-01,42252109.83,ocha_reported
COL,2021,2021-03-01,42252109.83,ocha_reported
COL,2021,2021-04-01,42252109.83,ocha_reported
COL,2021,2021-05-01,42252109.83,ocha_reported
COL,2021,2021-06-01,42252109.83,ocha_reported
COL,2021,2021-07-01,42252109.83,ocha_reported
COL,2021,2021-08-01,42252109.83,ocha_reported
COL,2021,2021-09-01,42252109.83,ocha_reported
COL,2021,2021-10-01,42252109.83,ocha_reported
COL,2021,2021-11-01,42252109.83,ocha_reported
COL,2021,2021-12-01,42252109.83,ocha_reported
COL,2022,2022-01-01,40710934.08,ocha_reported
COL,2022,2022-02-01,40710934.08,ocha_reported
COL,2022,2022-03-01,40710934.08,ocha_reported
COL,2022,2022-04-01,40710934.08,ocha_reported
COL,2022,2022-05-01,40710934.08,ocha_reported
COL,2022,2022-06-01,40710934.08,ocha_reported
COL,2022,2022-07-01,40710934.08,ocha_reported
COL,2022,2022-08-01,40710934.08,ocha_reported
COL,2022,2022-09-01,40710934.08,ocha_reported
COL,2022,2022-10-01,40710934.08,ocha_reported
COL,2022,2022-11-01,40710934.08,ocha_reported
COL,2022,2022-12-01,40710934.08,ocha_reported
COL,2023,2023-01-01,36630055.17,ocha_reported
COL,2023,2023-02-01,36630055.17,ocha_reported
COL,2023,2023-03-01,36630055.17,ocha_reported
COL,2023,2023-04-01,36630055.17,ocha_reported
COL,2023,2023-05-01,36630055.17,ocha_reported
COL,2023,2023-06-01,36630055.17,ocha_reported
COL,2023,2023-07-01,36630055.17,ocha_reported
COL,2023,2023-08-01,36630055.17,ocha_reported
COL,2023,2023-09-01,36630055.17,ocha_reported
COL,2023,2023-10-01,36630055.17,ocha_reported
COL,2023,2023-11-01,36630055.17,ocha_reported
COL,2023,2023-12-01,36630055.17,ocha_reported
COL,2024,2024-01-01,38586867.75,ocha_reported
COL,2024,2024-02-01,38586867.75,ocha_reported
COL,2024,2024-03-01,38586867.75,ocha_reported
COL,2024,2024-04-01,38586867.75,ocha_reported
COL,2024,2024-05-01,38586867.75,ocha_reported
COL,2024,2024-06-01,38586867.75,ocha_reported
COL,2024,2024-07-01,38586867.75,ocha_reported
COL,2024,2024-08-01,38586867.75,ocha_reported
COL,2024,2024-09-01,38586867.75,ocha_reported
COL,2024,2024-10-01,38586867.75,ocha_reported
COL,2024,2024-11-01,38586867.75,ocha_reported
COL,2024,2024-12-01,38586867.75,ocha_reported
CRI,2019,2019-01-01,361138.08,ocha_reported
CRI,2019,2019-02-01,361138.08,ocha_reported
CRI,2019,2019-03-01,361138.08,ocha_reported
CRI,2019,2019-04-01,361138.08,ocha_reported
CRI,2019,2019-05-01,361138.08,ocha_reported
CRI,2019,2019-06-01,361138.08,ocha_reported
CRI,2019,2019-07-01,361138.08,ocha_reported
CRI,2019,2019-08-01,361138.08,ocha_reported
CRI,2019,2019-09-01,361138.08,ocha_reported
CRI,2019,2019-10-01,361138.08,ocha_reported
CRI,2019,2019-11-01,361138.08,ocha_reported
CRI,2019,2019-12-01,361138.08,ocha_reported
CRI,2020,2020-01-01,813570.5,ocha_reported
CRI,2020,2020-02-01,813570.5,ocha_reported
CRI,2020,2020-03-01,813570.5,ocha_reported
CRI,2020,2020-04-01,813570.5,ocha_reported
CRI,2020,2020-05-01,813570.5,ocha_reported
CRI,2020,2020-06-01,813570.5,ocha_reported
CRI,2020,2020-07-01,813570.5,ocha_reported
CRI,2020,2020-08-01,813570.5,ocha_reported
CRI,2020,2020-09-01,813570.5,ocha_reported
CRI,2020,2020-10-01,813570.5,ocha_reported
CRI,2020,2020-11-01,813570.5,ocha_reported
CRI,2020,2020-12-01,813570.5,ocha_reported
CRI,2021,2021-01-01,1412117.58,ocha_reported
CRI,2021,2021-02-01,1412117.58,ocha_reported
CRI,2021,2021-03-01,1412117.58,ocha_reported
CRI,2021,2021-04-01,1412117.58,ocha_reported
CRI,2021,2021-05-01,1412117.58,ocha_reported
CRI,2021,2021-06-01,1412117.58,ocha_reported
CRI,2021,2021-07-01,1412117.58,ocha_reported
CRI,2021,2021-08-01,1412117.58,ocha_reported
CRI,2021,2021-09-01,1412117.58,ocha_reported
CRI,2021,2021-10-01,1412117.58,ocha_reported
CRI,2021,2021-11-01,1412117.58,ocha_reported
CRI,2021,2021-12-01,1412117.58,ocha_reported
CRI,2022,2022-01-01,1910230.25,ocha_reported
CRI,2022,2022-02-01,1910230.25,ocha_reported
CRI,2022,2022-03-01,1910230.25,ocha_reported
CRI,2022,2022-04-01,1910230.25,ocha_reported
CRI,2022,2022-05-01,1910230.25,ocha_reported
CRI,2022,2022-06-01,1910230.25,ocha_reported
CRI,2022,2022-07-01,1910230.25,ocha_reported
CRI,2022,2022-08-01,1910230.25,ocha_reported
CRI,2022,2022-09-01,1910230.25,ocha_reported
CRI,2022,2022-10-01,1910230.25,ocha_reported
CRI,2022,2022-11-01,1910230.25,ocha_reported
CRI,2022,2022-12-01,1910230.25,ocha_reported
CRI,2023,2023-01-01,2153276.25,ocha_reported
CRI,2023,2023-02-01,2153276.25,ocha_reported
CRI,2023,2023-03-01,2153276.25,ocha_reported
CRI,2023,2023-04-01,2153276.25,ocha_reported
CRI,2023,2023-05-01,2153276.25,ocha_reported
CRI,2023,2023-06-01,2153276.25,ocha_reported
CRI,2023,2023-07-01,2153276.25,ocha_reported
CRI,2023,2023-08-01,2153276.25,ocha_reported
CRI,2023,2023-09-01,2153276.25,ocha_reported
CRI,2023,2023-10-01,2153276.25,ocha_reported
CRI,2023,2023-11-01,2153276.25,ocha_reported
CRI,2023,2023-12-01,2153276.25,ocha_reported
CRI,2024,2024-01-01,1961573.67,ocha_reported
CRI,2024,2024-02-01,1961573.67,ocha_reported
CRI,2024,2024-03-01,1961573.67,ocha_reported
CRI,2024,2024-04-01,1961573.67,ocha_reported
CRI,2024,2024-05-01,1961573.67,ocha_reported
CRI,2024,2024-06-01,1961573.67,ocha_reported
CRI,2024,2024-07-01,1961573.67,ocha_reported
CRI,2024,2024-08-01,1961573.67,ocha_reported
CRI,2024,2024-09-01,1961573.67,ocha_reported
CRI,2024,2024-10-01,1961573.67,ocha_reported
CRI,2024,2024-11-01,1961573.67,ocha_reported
CRI,2024,2024-12-01,1961573.67,ocha_reported
CUB,2019,2019-01-01,276158.25,ocha_reported
CUB,2019,2019-02-01,276158.25,ocha_reported
CUB,2019,2019-03-01,276158.25,ocha_reported
CUB,2019,2019-04-01,276158.25,ocha_reported
CUB,2019,2019-05-01,276158.25,ocha_reported
CUB,2019,2019-06-01,276158.25,ocha_reported
CUB,2019,2019-07-01,276158.25,ocha_reported
CUB,2019,2019-08-01,276158.25,ocha_reported
CUB,2019,2019-09-01,276158.25,ocha_reported
CUB,2019,2019-10-01,276158.25,ocha_reported
CUB,2019,2019-11-01,276158.25,ocha_reported
CUB,2019,2019-12-01,276158.25,ocha_reported
CUB,2020,2020-01-01,497114.92,ocha_reported
CUB,2020,2020-02-01,497114.92,ocha_reported
CUB,2020,2020-03-01,497114.92,ocha_reported
CUB,2020,2020-04-01,497114.92,ocha_reported
CUB,2020,2020-05-01,497114.92,ocha_reported
CUB,2020,2020-06-01,497114.92,ocha_reported
CUB,2020,2020-07-01,497114.92,ocha_reported
CUB,2020,2020-08-01,497114.92,ocha_reported
CUB,2020,2020-09-01,497114.92,ocha_reported
CUB,2020,2020-10-01,497114.92,ocha_reported
CUB,2020,2020-11-01,497114.92,ocha_reported
CUB,2020,2020-12-01,497114.92,ocha_reported
CUB,2021,2021-01-01,82203.75,ocha_reported
CUB,2021,2021-02-01,82203.75,ocha_reported
CUB,2021,2021-03-01,82203.75,ocha_reported
CUB,2021,2021-04-01,82203.75,ocha_reported
CUB,2021,2021-05-01,82203.75,ocha_reported
CUB,2021,2021-06-01,82203.75,ocha_reported
CUB,2021,2021-07-01,82203.75,ocha_reported
CUB,2021,2021-08-01,82203.75,ocha_reported
CUB,2021,2021-09-01,82203.75,ocha_reported
CUB,2021,2021-10-01,82203.75,ocha_reported
CUB,2021,2021-11-01,82203.75,ocha_reported
CUB,2021,2021-12-01,82203.75,ocha_reported
CUB,2022,2022-01-01,889954.25,ocha_reported
CUB,2022,2022-02-01,889954.25,ocha_reported
CUB,2022,2022-03-01,889954.25,ocha_reported
CUB,2022,2022-04-01,889954.25,ocha_reported
CUB,2022,2022-05-01,889954.25,ocha_reported
CUB,2022,2022-06-01,889954.25,ocha_reported
CUB,2022,2022-07-01,889954.25,ocha_reported
CUB,2022,2022-08-01,889954.25,ocha_reported
CUB,2022,2022-09-01,889954.25,ocha_reported
CUB,2022,2022-10-01,889954.25,ocha_reported
CUB,2022,2022-11-01,889954.25,ocha_reported
CUB,2022,2022-12-01,889954.25,ocha_reported
CUB,2023,2023-01-01,861034.83,ocha_reported
CUB,2023,2023-02-01,861034.83,ocha_reported
CUB,2023,2023-03-01,861034.83,ocha_reported
CUB,2023,2023-04-01,861034.83,ocha_reported
CUB,2023,2023-05-01,861034.83,ocha_reported
CUB,2023,2023-06-01,861034.83,ocha_reported
CUB,2023,2023-07-01,861034.83,ocha_reported
CUB,2023,2023-08-01,861034.83,ocha_reported
CUB,2023,2023-09-01,861034.83,ocha_reported
CUB,2023,2023-10-01,861034.83,ocha_reported
CUB,2023,2023-11-01,861034.83,ocha_reported
CUB,2023,2023-12-01,861034.83,ocha_reported
CUB,2024,2024-01-01,1083420.42,ocha_reported
CUB,2024,2024-02-01,1083420.42,ocha_reported
CUB,2024,2024-03-01,1083420.42,ocha_reported
CUB,2024,2024-04-01,1083420.42,ocha_reported
CUB,2024,2024-05-01,1083420.42,ocha_reported
CUB,2024,2024-06-01,1083420.42,ocha_reported
CUB,2024,2024-07-01,1083420.42,ocha_reported
CUB,2024,2024-08-01,1083420.42,ocha_reported
CUB,2024,2024-09-01,1083420.42,ocha_reported
CUB,2024,2024-10-01,1083420.42,ocha_reported
CUB,2024,2024-11-01,1083420.42,ocha_reported
CUB,2024,2024-12-01,1083420.42,ocha_reported
DOM,2019,2019-01-01,38045.08,ocha_reported
DOM,2019,2019-02-01,38045.08,ocha_reported
DOM,2019,2019-03-01,38045.08,ocha_reported
DOM,2019,2019-04-01,38045.08,ocha_reported
DOM,2019,2019-05-01,38045.08,ocha_reported
DOM,2019,2019-06-01,38045.08,ocha_reported
DOM,2019,2019-07-01,38045.08,ocha_reported
DOM,2019,2019-08-01,38045.08,ocha_reported
DOM,2019,2019-09-01,38045.08,ocha_reported
DOM,2019,2019-10-01,38045.08,ocha_reported
DOM,2019,2019-11-01,38045.08,ocha_reported
DOM,2019,2019-12-01,38045.08,ocha_reported
DOM,2020,2020-01-01,1184138.0,ocha_reported
DOM,2020,2020-02-01,1184138.0,ocha_reported
DOM,2020,2020-03-01,1184138.0,ocha_reported
DOM,2020,2020-04-01,1184138.0,ocha_reported
DOM,2020,2020-05-01,1184138.0,ocha_reported
DOM,2020,2020-06-01,1184138.0,ocha_reported
DOM,2020,2020-07-01,1184138.0,ocha_reported
DOM,2020,2020-08-01,1184138.0,ocha_reported
DOM,2020,2020-09-01,1184138.0,ocha_reported
DOM,2020,2020-10-01,1184138.0,ocha_reported
DOM,2020,2020-11-01,1184138.0,ocha_reported
DOM,2020,2020-12-01,1184138.0,ocha_reported
DOM,2021,2021-01-01,545737.67,ocha_reported
DOM,2021,2021-02-01,545737.67,ocha_reported
DOM,2021,2021-03-01,545737.67,ocha_reported
DOM,2021,2021-04-01,545737.67,ocha_reported
DOM,2021,2021-05-01,545737.67,ocha_reported
DOM,2021,2021-06-01,545737.67,ocha_reported
DOM,2021,2021-07-01,545737.67,ocha_reported
DOM,2021,2021-08-01,545737.67,ocha_reported
DOM,2021,2021-09-01,545737.67,ocha_reported
DOM,2021,2021-10-01,545737.67,ocha_reported
DOM,2021,2021-11-01,545737.67,ocha_reported
DOM,2021,2021-12-01,545737.67,ocha_reported
DOM,2022,2022-01-01,750499.25,ocha_reported
DOM,2022,2022-02-01,750499.25,ocha_reported
DOM,2022,2022-03-01,750499.25,ocha_reported
DOM,2022,2022-04-01,750499.25,ocha_reported
DOM,2022,2022-05-01,750499.25,ocha_reported
DOM,2022,2022-06-01,750499.25,ocha_reported
DOM,2022,2022-07-01,750499.25,ocha_reported
DOM,2022,2022-08-01,750499.25,ocha_reported
DOM,2022,2022-09-01,750499.25,ocha_reported
DOM,2022,2022-10-01,750499.25,ocha_reported
DOM,2022,2022-11-01,750499.25,ocha_reported
DOM,2022,2022-12-01,750499.25,ocha_reported
DOM,2023,2023-01-01,1115702.25,ocha_reported
DOM,2023,2023-02-01,1115702.25,ocha_reported
DOM,2023,2023-03-01,1115702.25,ocha_reported
DOM,2023,2023-04-01,1115702.25,ocha_reported
DOM,2023,2023-05-01,1115702.25,ocha_reported
DOM,2023,2023-06-01,1115702.25,ocha_reported
DOM,2023,2023-07-01,1115702.25,ocha_reported
DOM,2023,2023-08-01,1115702.25,ocha_reported
DOM,2023,2023-09-01,1115702.25,ocha_reported
DOM,2023,2023-10-01,1115702.25,ocha_reported
DOM,2023,2023-11-01,1115702.25,ocha_reported
DOM,2023,2023-12-01,1115702.25,ocha_reported
DOM,2024,2024-01-01,1112030.75,ocha_reported
DOM,2024,2024-02-01,1112030.75,ocha_reported
DOM,2024,2024-03-01,1112030.75,ocha_reported
DOM,2024,2024-04-01,1112030.75,ocha_reported
DOM,2024,2024-05-01,1112030.75,ocha_reported
DOM,2024,2024-06-01,1112030.75,ocha_reported
DOM,2024,2024-07-01,1112030.75,ocha_reported
DOM,2024,2024-08-01,1112030.75,ocha_reported
DOM,2024,2024-09-01,1112030.75,ocha_reported
DOM,2024,2024-10-01,1112030.75,ocha_reported
DOM,2024,2024-11-01,1112030.75,ocha_reported
DOM,2024,2024-12-01,1112030.75,ocha_reported
GTM,2019,2019-01-01,1892440.75,ocha_reported
GTM,2019,2019-02-01,1892440.75,ocha_reported
GTM,2019,2019-03-01,1892440.75,ocha_reported
GTM,2019,2019-04-01,1892440.75,ocha_reported
GTM,2019,2019-05-01,1892440.75,ocha_reported
GTM,2019,2019-06-01,1892440.75,ocha_reported
GTM,2019,2019-07-01,1892440.75,ocha_reported
GTM,2019,2019-08-01,1892440.75,ocha_reported
GTM,2019,2019-09-01,1892440.75,ocha_reported
GTM,2019,2019-10-01,1892440.75,ocha_reported
GTM,2019,2019-11-01,1892440.75,ocha_reported
GTM,2019,2019-12-01,1892440.75,ocha_reported
GTM,2020,2020-01-01,4569395.08,ocha_reported
GTM,2020,2020-02-01,4569395.08,ocha_reported
GTM,2020,2020-03-01,4569395.08,ocha_reported
GTM,2020,2020-04-01,4569395.08,ocha_reported
GTM,2020,2020-05-01,4569395.08,ocha_reported
GTM,2020,2020-06-01,4569395.08,ocha_reported
GTM,2020,2020-07-01,4569395.08,ocha_reported
GTM,2020,2020-08-01,4569395.08,ocha_reported
GTM,2020,2020-09-01,4569395.08,ocha_reported
GTM,2020,2020-10-01,4569395.08,ocha_reported
GTM,2020,2020-11-01,4569395.08,ocha_reported
GTM,2020,2020-12-01,4569395.08,ocha_reported
GTM,2021,2021-01-01,9882072.58,ocha_reported
GTM,2021,2021-02-01,9882072.58,ocha_reported
GTM,2021,2021-03-01,9882072.58,ocha_reported
GTM,2021,2021-04-01,9882072.58,ocha_reported
GTM,2021,2021-05-01,9882072.58,ocha_reported
GTM,2021,2021-06-01,9882072.58,ocha_reported
GTM,2021,2021-07-01,9882072.58,ocha_reported
GTM,2021,2021-08-01,9882072.58,ocha_reported
GTM,2021,2021-09-01,9882072.58,ocha_reported
GTM,2021,2021-10-01,9882072.58,ocha_reported
GTM,2021,2021-11-01,9882072.58,ocha_reported
GTM,2021,2021-12-01,9882072.58,ocha_reported
GTM,2022,2022-01-01,7385729.17,ocha_reported
GTM,2022,2022-02-01,7385729.17,ocha_reported
GTM,2022,2022-03-01,7385729.17,ocha_reported
GTM,2022,2022-04-01,7385729.17,ocha_reported
GTM,2022,2022-05-01,7385729.17,ocha_reported
GTM,2022,2022-06-01,7385729.17,ocha_reported
GTM,2022,2022-07-01,7385729.17,ocha_reported
GTM,2022,2022-08-01,7385729.17,ocha_reported
GTM,2022,2022-09-01,7385729.17,ocha_reported
GTM,2022,2022-10-01,7385729.17,ocha_reported
GTM,2022,2022-11-01,7385729.17,ocha_reported
GTM,2022,2022-12-01,7385729.17,ocha_reported
GTM,2023,2023-01-01,5800939.58,ocha_reported
GTM,2023,2023-02-01,5800939.58,ocha_reported
GTM,2023,2023-03-01,5800939.58,ocha_reported
GTM,2023,2023-04-01,5800939.58,ocha_reported
GTM,2023,2023-05-01,5800939.58,ocha_reported
GTM,2023,2023-06-01,5800939.58,ocha_reported
GTM,2023,2023-07-01,5800939.58,ocha_reported
GTM,2023,2023-08-01,5800939.58,ocha_reported
GTM,2023,2023-09-01,5800939.58,ocha_reported
GTM,2023,2023-10-01,5800939.58,ocha_reported
GTM,2023,2023-11-01,5800939.58,ocha_reported
GTM,2023,2023-12-01,5800939.58,ocha_reported
GTM,2024,2024-01-01,7142417.25,ocha_reported
GTM,2024,2024-02-01,7142417.25,ocha_reported
GTM,2024,2024-03-01,7142417.25,ocha_reported
GTM,2024,2024-04-01,7142417.25,ocha_reported
GTM,2024,2024-05-01,7142417.25,ocha_reported
GTM,2024,2024-06-01,7142417.25,ocha_reported
GTM,2024,2024-07-01,7142417.25,ocha_reported
GTM,2024,2024-08-01,7142417.25,ocha_reported
GTM,2024,2024-09-01,7142417.25,ocha_reported
GTM,2024,2024-10-01,7142417.25,ocha_reported
GTM,2024,2024-11-01,7142417.25,ocha_reported
GTM,2024,2024-12-01,7142417.25,ocha_reported
GUY,2019,2019-01-01,283158.25,ocha_reported
GUY,2019,2019-02-01,283158.25,ocha_reported
GUY,2019,2019-03-01,283158.25,ocha_reported
GUY,2019,2019-04-01,283158.25,ocha_reported
GUY,2019,2019-05-01,283158.25,ocha_reported
GUY,2019,2019-06-01,283158.25,ocha_reported
GUY,2019,2019-07-01,283158.25,ocha_reported
GUY,2019,2019-08-01,283158.25,ocha_reported
GUY,2019,2019-09-01,283158.25,ocha_reported
GUY,2019,2019-10-01,283158.25,ocha_reported
GUY,2019,2019-11-01,283158.25,ocha_reported
GUY,2019,2019-12-01,283158.25,ocha_reported
GUY,2020,2020-01-01,853226.08,ocha_reported
GUY,2020,2020-02-01,853226.08,ocha_reported
GUY,2020,2020-03-01,853226.08,ocha_reported
GUY,2020,2020-04-01,853226.08,ocha_reported
GUY,2020,2020-05-01,853226.08,ocha_reported
GUY,2020,2020-06-01,853226.08,ocha_reported
GUY,2020,2020-07-01,853226.08,ocha_reported
GUY,2020,2020-08-01,853226.08,ocha_reported
GUY,2020,2020-09-01,853226.08,ocha_reported
GUY,2020,2020-10-01,853226.08,ocha_reported
GUY,2020,2020-11-01,853226.08,ocha_reported
GUY,2020,2020-12-01,853226.08,ocha_reported
GUY,2021,2021-01-01,188807.83,ocha_reported
GUY,2021,2021-02-01,188807.83,ocha_reported
GUY,2021,2021-03-01,188807.83,ocha_reported
GUY,2021,2021-04-01,188807.83,ocha_reported
GUY,2021,2021-05-01,188807.83,ocha_reported
GUY,2021,2021-06-01,188807.83,ocha_reported
GUY,2021,2021-07-01,188807.83,ocha_reported
GUY,2021,2021-08-01,188807.83,ocha_reported
GUY,2021,2021-09-01,188807.83,ocha_reported
GUY,2021,2021-10-01,188807.83,ocha_reported
GUY,2021,2021-11-01,188807.83,ocha_reported
GUY,2021,2021-12-01,188807.83,ocha_reported
GUY,2022,2022-01-01,414730.0,ocha_reported
GUY,2022,2022-02-01,414730.0,ocha_reported
GUY,2022,2022-03-01,414730.0,ocha_reported
GUY,2022,2022-04-01,414730.0,ocha_reported
GUY,2022,2022-05-01,414730.0,ocha_reported
GUY,2022,2022-06-01,414730.0,ocha_reported
GUY,2022,2022-07-01,414730.0,ocha_reported
GUY,2022,2022-08-01,414730.0,ocha_reported
GUY,2022,2022-09-01,414730.0,ocha_reported
GUY,2022,2022-10-01,414730.0,ocha_reported
GUY,2022,2022-11-01,414730.0,ocha_reported
GUY,2022,2022-12-01,414730.0,ocha_reported
GUY,2023,2023-01-01,256974.83,ocha_reported
GUY,2023,2023-02-01,256974.83,ocha_reported
GUY,2023,2023-03-01,256974.83,ocha_reported
GUY,2023,2023-04-01,256974.83,ocha_reported
GUY,2023,2023-05-01,256974.83,ocha_reported
GUY,2023,2023-06-01,256974.83,ocha_reported
GUY,2023,2023-07-01,256974.83,ocha_reported
GUY,2023,2023-08-01,256974.83,ocha_reported
GUY,2023,2023-09-01,256974.83,ocha_reported
GUY,2023,2023-10-01,256974.83,ocha_reported
GUY,2023,2023-11-01,256974.83,ocha_reported
GUY,2023,2023-12-01,256974.83,ocha_reported
GUY,2024,2024-01-01,228159.58,ocha_reported
GUY,2024,2024-02-01,228159.58,ocha_reported
GUY,2024,2024-03-01,228159.58,ocha_reported
GUY,2024,2024-04-01,228159.58,ocha_reported
GUY,2024,2024-05-01,228159.58,ocha_reported
GUY,2024,2024-06-01,228159.58,ocha_reported
GUY,2024,2024-07-01,228159.58,ocha_reported
GUY,2024,2024-08-01,228159.58,ocha_reported
GUY,2024,2024-09-01,228159.58,ocha_reported
GUY,2024,2024-10-01,228159.58,ocha_reported
GUY,2024,2024-11-01,228159.58,ocha_reported
GUY,2024,2024-12-01,228159.58,ocha_reported
HND,2019,2019-01-01,437471.92,ocha_reported
HND,2019,2019-02-01,437471.92,ocha_reported
HND,2019,2019-03-01,437471.92,ocha_reported
HND,2019,2019-04-01,437471.92,ocha_reported
HND,2019,2019-05-01,437471.92,ocha_reported
HND,2019,2019-06-01,437471.92,ocha_reported
HND,2019,2019-07-01,437471.92,ocha_reported
HND,2019,2019-08-01,437471.92,ocha_reported
HND,2019,2019-09-01,437471.92,ocha_reported
HND,2019,2019-10-01,437471.92,ocha_reported
HND,2019,2019-11-01,437471.92,ocha_reported
HND,2019,2019-12-01,437471.92,ocha_reported
HND,2020,2020-01-01,3815322.5,ocha_reported
HND,2020,2020-02-01,3815322.5,ocha_reported
HND,2020,2020-03-01,3815322.5,ocha_reported
HND,2020,2020-04-01,3815322.5,ocha_reported
HND,2020,2020-05-01,3815322.5,ocha_reported
HND,2020,2020-06-01,3815322.5,ocha_reported
HND,2020,2020-07-01,3815322.5,ocha_reported
HND,2020,2020-08-01,3815322.5,ocha_reported
HND,2020,2020-09-01,3815322.5,ocha_reported
HND,2020,2020-10-01,3815322.5,ocha_reported
HND,2020,2020-11-01,3815322.5,ocha_reported
HND,2020,2020-12-01,3815322.5,ocha_reported
HND,2021,2021-01-01,11919536.33,ocha_reported
HND,2021,2021-02-01,11919536.33,ocha_reported
HND,2021,2021-03-01,11919536.33,ocha_reported
HND,2021,2021-04-01,11919536.33,ocha_reported
HND,2021,2021-05-01,11919536.33,ocha_reported
HND,2021,2021-06-01,11919536.33,ocha_reported
HND,2021,2021-07-01,11919536.33,ocha_reported
HND,2021,2021-08-01,11919536.33,ocha_reported
HND,2021,2021-09-01,11919536.33,ocha_reported
HND,2021,2021-10-01,11919536.33,ocha_reported
HND,2021,2021-11-01,11919536.33,ocha_reported
HND,2021,2021-12-01,11919536.33,ocha_reported
HND,2022,2022-01-01,11452070.67,ocha_reported
HND,2022,2022-02-01,11452070.67,ocha_reported
HND,2022,2022-03-01,11452070.67,ocha_reported
HND,2022,2022-04-01,11452070.67,ocha_reported
HND,2022,2022-05-01,11452070.67,ocha_reported
HND,2022,2022-06-01,11452070.67,ocha_reported
HND,2022,2022-07-01,11452070.67,ocha_reported
HND,2022,2022-08-01,11452070.67,ocha_reported
HND,2022,2022-09-01,11452070.67,ocha_reported
HND,2022,2022-10-01,11452070.67,ocha_reported
HND,2022,2022-11-01,11452070.67,ocha_reported
HND,2022,2022-12-01,11452070.67,ocha_reported
HND,2023,2023-01-01,9701253.5,ocha_reported
HND,2023,2023-02-01,9701253.5,ocha_reported
HND,2023,2023-03-01,9701253.5,ocha_reported
HND,2023,2023-04-01,9701253.5,ocha_reported
HND,2023,2023-05-01,9701253.5,ocha_reported
HND,2023,2023-06-01,9701253.5,ocha_reported
HND,2023,2023-07-01,9701253.5,ocha_reported
HND,2023,2023-08-01,9701253.5,ocha_reported
HND,2023,2023-09-01,9701253.5,ocha_reported
HND,2023,2023-10-01,9701253.5,ocha_reported
HND,2023,2023-11-01,9701253.5,ocha_reported
HND,2023,2023-12-01,9701253.5,ocha_reported
HND,2024,2024-01-01,10329533.17,ocha_reported
HND,2024,2024-02-01,10329533.17,ocha_reported
HND,2024,2024-03-01,10329533.17,ocha_reported
HND,2024,2024-04-01,10329533.17,ocha_reported
HND,2024,2024-05-01,10329533.17,ocha_reported
HND,2024,2024-06-01,10329533.17,ocha_reported
HND,2024,2024-07-01,10329533.17,ocha_reported
HND,2024,2024-08-01,10329533.17,ocha_reported
HND,2024,2024-09-01,10329533.17,ocha_reported
HND,2024,2024-10-01,10329533.17,ocha_reported
HND,2024,2024-11-01,10329533.17,ocha_reported
HND,2024,2024-12-01,10329533.17,ocha_reported
HTI,2019,2019-01-01,6722104.83,ocha_reported
HTI,2019,2019-02-01,6722104.83,ocha_reported
HTI,2019,2019-03-01,6722104.83,ocha_reported
HTI,2019,2019-04-01,6722104.83,ocha_reported
HTI,2019,2019-05-01,6722104.83,ocha_reported
HTI,2019,2019-06-01,6722104.83,ocha_reported
HTI,2019,2019-07-01,6722104.83,ocha_reported
HTI,2019,2019-08-01,6722104.83,ocha_reported
HTI,2019,2019-09-01,6722104.83,ocha_reported
HTI,2019,2019-10-01,6722104.83,ocha_reported
HTI,2019,2019-11-01,6722104.83,ocha_reported
HTI,2019,2019-12-01,6722104.83,ocha_reported
HTI,2020,2020-01-01,18336590.58,ocha_reported
HTI,2020,2020-02-01,18336590.58,ocha_reported
HTI,2020,2020-03-01,18336590.58,ocha_reported
HTI,2020,2020-04-01,18336590.58,ocha_reported
HTI,2020,2020-05-01,18336590.58,ocha_reported
HTI,2020,2020-06-01,18336590.58,ocha_reported
HTI,2020,2020-07-01,18336590.58,ocha_reported
HTI,2020,2020-08-01,18336590.58,ocha_reported
HTI,2020,2020-09-01,18336590.58,ocha_reported
HTI,2020,2020-10-01,18336590.58,ocha_reported
HTI,2020,2020-11-01,18336590.58,ocha_reported
HTI,2020,2020-12-01,18336590.58,ocha_reported
HTI,2021,2021-01-01,19326701.33,ocha_reported
HTI,2021,2021-02-01,19326701.33,ocha_reported
HTI,2021,2021-03-01,19326701.33,ocha_reported
HTI,2021,2021-04-01,19326701.33,ocha_reported
HTI,2021,2021-05-01,19326701.33,ocha_reported
HTI,2021,2021-06-01,19326701.33,ocha_reported
HTI,2021,2021-07-01,19326701.33,ocha_reported
HTI,2021,2021-08-01,19326701.33,ocha_reported
HTI,2021,2021-09-01,19326701.33,ocha_reported
HTI,2021,2021-10-01,19326701.33,ocha_reported
HTI,2021,2021-11-01,19326701.33,ocha_reported
HTI,2021,2021-12-01,19326701.33,ocha_reported
HTI,2022,2022-01-01,20374525.08,ocha_reported
HTI,2022,2022-02-01,20374525.08,ocha_reported
HTI,2022,2022-03-01,20374525.08,ocha_reported
HTI,2022,2022-04-01,20374525.08,ocha_reported
HTI,2022,2022-05-01,20374525.08,ocha_reported
HTI,2022,2022-06-01,20374525.08,ocha_reported
HTI,2022,2022-07-01,20374525.08,ocha_reported
HTI,2022,2022-08-01,20374525.08,ocha_reported
HTI,2022,2022-09-01,20374525.08,ocha_reported
HTI,2022,2022-10-01,20374525.08,ocha_reported
HTI,2022,2022-11-01,20374525.08,ocha_reported
HTI,2022,2022-12-01,20374525.08,ocha_reported
HTI,2023,2023-01-01,30092680.33,ocha_reported
HTI,2023,2023-02-01,30092680.33,ocha_reported
HTI,2023,2023-03-01,30092680.33,ocha_reported
HTI,2023,2023-04-01,30092680.33,ocha_reported
HTI,2023,2023-05-01,30092680.33,ocha_reported
HTI,2023,2023-06-01,30092680.33,ocha_reported
HTI,2023,2023-07-01,30092680.33,ocha_reported
HTI,2023,2023-08-01,30092680.33,ocha_reported
HTI,2023,2023-09-01,30092680.33,ocha_reported
HTI,2023,2023-10-01,30092680.33,ocha_reported
HTI,2023,2023-11-01,30092680.33,ocha_reported
HTI,2023,2023-12-01,30092680.33,ocha_reported
HTI,2024,2024-01-01,30428272.0,ocha_reported
HTI,2024,2024-02-01,30428272.0,ocha_reported
HTI,2024,2024-03-01,30428272.0,ocha_reported
HTI,2024,2024-04-01,30428272.0,ocha_reported
HTI,2024,2024-05-01,30428272.0,ocha_reported
HTI,2024,2024-06-01,30428272.0,ocha_reported
HTI,2024,2024-07-01,30428272.0,ocha_reported
HTI,2024,2024-08-01,30428272.0,ocha_reported
HTI,2024,2024-09-01,30428272.0,ocha_reported
HTI,2024,2024-10-01,30428272.0,ocha_reported
HTI,2024,2024-11-01,30428272.0,ocha_reported
HTI,2024,2024-12-01,30428272.0,ocha_reported
JAM,2019,2019-01-01,0.0,ocha_zero_no_flows
JAM,2019,2019-02-01,0.0,ocha_zero_no_flows
JAM,2019,2019-03-01,0.0,ocha_zero_no_flows
JAM,2019,2019-04-01,0.0,ocha_zero_no_flows
JAM,2019,2019-05-01,0.0,ocha_zero_no_flows
JAM,2019,2019-06-01,0.0,ocha_zero_no_flows
JAM,2019,2019-07-01,0.0,ocha_zero_no_flows
JAM,2019,2019-08-01,0.0,ocha_zero_no_flows
JAM,2019,2019-09-01,0.0,ocha_zero_no_flows
JAM,2019,2019-10-01,0.0,ocha_zero_no_flows
JAM,2019,2019-11-01,0.0,ocha_zero_no_flows
JAM,2019,2019-12-01,0.0,ocha_zero_no_flows
JAM,2020,2020-01-01,291583.33,ocha_reported
JAM,2020,2020-02-01,291583.33,ocha_reported
JAM,2020,2020-03-01,291583.33,ocha_reported
JAM,2020,2020-04-01,291583.33,ocha_reported
JAM,2020,2020-05-01,291583.33,ocha_reported
JAM,2020,2020-06-01,291583.33,ocha_reported
JAM,2020,2020-07-01,291583.33,ocha_reported
JAM,2020,2020-08-01,291583.33,ocha_reported
JAM,2020,2020-09-01,291583.33,ocha_reported
JAM,2020,2020-10-01,291583.33,ocha_reported
JAM,2020,2020-11-01,291583.33,ocha_reported
JAM,2020,2020-12-01,291583.33,ocha_reported
JAM,2021,2021-01-01,83333.33,ocha_reported
JAM,2021,2021-02-01,83333.33,ocha_reported
JAM,2021,2021-03-01,83333.33,ocha_reported
JAM,2021,2021-04-01,83333.33,ocha_reported
JAM,2021,2021-05-01,83333.33,ocha_reported
JAM,2021,2021-06-01,83333.33,ocha_reported
JAM,2021,2021-07-01,83333.33,ocha_reported
JAM,2021,2021-08-01,83333.33,ocha_reported
JAM,2021,2021-09-01,83333.33,ocha_reported
JAM,2021,2021-10-01,83333.33,ocha_reported
JAM,2021,2021-11-01,83333.33,ocha_reported
JAM,2021,2021-12-01,83333.33,ocha_reported
JAM,2022,2022-01-01,0.0,ocha_zero_no_flows
JAM,2022,2022-02-01,0.0,ocha_zero_no_flows
JAM,2022,2022-03-01,0.0,ocha_zero_no_flows
JAM,2022,2022-04-01,0.0,ocha_zero_no_flows
JAM,2022,2022-05-01,0.0,ocha_zero_no_flows
JAM,2022,2022-06-01,0.0,ocha_zero_no_flows
JAM,2022,2022-07-01,0.0,ocha_zero_no_flows
JAM,2022,2022-08-01,0.0,ocha_zero_no_flows
JAM,2022,2022-09-01,0.0,ocha_zero_no_flows
JAM,2022,2022-10-01,0.0,ocha_zero_no_flows
JAM,2022,2022-11-01,0.0,ocha_zero_no_flows
JAM,2022,2022-12-01,0.0,ocha_zero_no_flows
JAM,2023,2023-01-01,0.0,ocha_zero_no_flows
JAM,2023,2023-02-01,0.0,ocha_zero_no_flows
JAM,2023,2023-03-01,0.0,ocha_zero_no_flows
JAM,2023,2023-04-01,0.0,ocha_zero_no_flows
JAM,2023,2023-05-01,0.0,ocha_zero_no_flows
JAM,2023,2023-06-01,0.0,ocha_zero_no_flows
JAM,2023,2023-07-01,0.0,ocha_zero_no_flows
JAM,2023,2023-08-01,0.0,ocha_zero_no_flows
JAM,2023,2023-09-01,0.0,ocha_zero_no_flows
JAM,2023,2023-10-01,0.0,ocha_zero_no_flows
JAM,2023,2023-11-01,0.0,ocha_zero_no_flows
JAM,2023,2023-12-01,0.0,ocha_zero_no_flows
JAM,2024,2024-01-01,444889.5,ocha_reported
JAM,2024,2024-02-01,444889.5,ocha_reported
JAM,2024,2024-03-01,444889.5,ocha_reported
JAM,2024,2024-04-01,444889.5,ocha_reported
JAM,2024,2024-05-01,444889.5,ocha_reported
JAM,2024,2024-06-01,444889.5,ocha_reported
JAM,2024,2024-07-01,444889.5,ocha_reported
JAM,2024,2024-08-01,444889.5,ocha_reported
JAM,2024,2024-09-01,444889.5,ocha_reported
JAM,2024,2024-10-01,444889.5,ocha_reported
JAM,2024,2024-11-01,444889.5,ocha_reported
JAM,2024,2024-12-01,444889.5,ocha_reported
NIC,2019,2019-01-01,259214.42,ocha_reported
NIC,2019,2019-02-01,259214.42,ocha_reported
NIC,2019,2019-03-01,259214.42,ocha_reported
NIC,2019,2019-04-01,259214.42,ocha_reported
NIC,2019,2019-05-01,259214.42,ocha_reported
NIC,2019,2019-06-01,259214.42,ocha_reported
NIC,2019,2019-07-01,259214.42,ocha_reported
NIC,2019,2019-08-01,259214.42,ocha_reported
NIC,2019,2019-09-01,259214.42,ocha_reported
NIC,2019,2019-10-01,259214.42,ocha_reported
NIC,2019,2019-11-01,259214.42,ocha_reported
NIC,2019,2019-12-01,259214.42,ocha_reported
NIC,2020,2020-01-01,1594478.25,ocha_reported
NIC,2020,2020-02-01,1594478.25,ocha_reported
NIC,2020,2020-03-01,1594478.25,ocha_reported
NIC,2020,2020-04-01,1594478.25,ocha_reported
NIC,2020,2020-05-01,1594478.25,ocha_reported
NIC,2020,2020-06-01,1594478.25,ocha_reported
NIC,2020,2020-07-01,1594478.25,ocha_reported
NIC,2020,2020-08-01,1594478.25,ocha_reported
NIC,2020,2020-09-01,1594478.25,ocha_reported
NIC,2020,2020-10-01,1594478.25,ocha_reported
NIC,2020,2020-11-01,1594478.25,ocha_reported
NIC,2020,2020-12-01,1594478.25,ocha_reported
NIC,2021,2021-01-01,2762912.08,ocha_reported
NIC,2021,2021-02-01,2762912.08,ocha_reported
NIC,2021,2021-03-01,2762912.08,ocha_reported
NIC,2021,2021-04-01,2762912.08,ocha_reported
NIC,2021,2021-05-01,2762912.08,ocha_reported
NIC,2021,2021-06-01,2762912.08,ocha_reported
NIC,2021,2021-07-01,2762912.08,ocha_reported
NIC,2021,2021-08-01,2762912.08,ocha_reported
NIC,2021,2021-09-01,2762912.08,ocha_reported
NIC,2021,2021-10-01,2762912.08,ocha_reported
NIC,2021,2021-11-01,2762912.08,ocha_reported
NIC,2021,2021-12-01,2762912.08,ocha_reported
NIC,2022,2022-01-01,806062.17,ocha_reported
NIC,2022,2022-02-01,806062.17,ocha_reported
NIC,2022,2022-03-01,806062.17,ocha_reported
NIC,2022,2022-04-01,806062.17,ocha_reported
NIC,2022,2022-05-01,806062.17,ocha_reported
NIC,2022,2022-06-01,806062.17,ocha_reported
NIC,2022,2022-07-01,806062.17,ocha_reported
NIC,2022,2022-08-01,806062.17,ocha_reported
NIC,2022,2022-09-01,806062.17,ocha_reported
NIC,2022,2022-10-01,806062.17,ocha_reported
NIC,2022,2022-11-01,806062.17,ocha_reported
NIC,2022,2022-12-01,806062.17,ocha_reported
NIC,2023,2023-01-01,1322017.33,ocha_reported
NIC,2023,2023-02-01,1322017.33,ocha_reported
NIC,2023,2023-03-01,1322017.33,ocha_reported
NIC,2023,2023-04-01,1322017.33,ocha_reported
NIC,2023,2023-05-01,1322017.33,ocha_reported
NIC,2023,2023-06-01,1322017.33,ocha_reported
NIC,2023,2023-07-01,1322017.33,ocha_reported
NIC,2023,2023-08-01,1322017.33,ocha_reported
NIC,2023,2023-09-01,1322017.33,ocha_reported
NIC,2023,2023-10-01,1322017.33,ocha_reported
NIC,2023,2023-11-01,1322017.33,ocha_reported
NIC,2023,2023-12-01,1322017.33,ocha_reported
NIC,2024,2024-01-01,948079.08,ocha_reported
NIC,2024,2024-02-01,948079.08,ocha_reported
NIC,2024,2024-03-01,948079.08,ocha_reported
NIC,2024,2024-04-01,948079.08,ocha_reported
NIC,2024,2024-05-01,948079.08,ocha_reported
NIC,2024,2024-06-01,948079.08,ocha_reported
NIC,2024,2024-07-01,948079.08,ocha_reported
NIC,2024,2024-08-01,948079.08,ocha_reported
NIC,2024,2024-09-01,948079.08,ocha_reported
NIC,2024,2024-10-01,948079.08,ocha_reported
NIC,2024,2024-11-01,948079.08,ocha_reported
NIC,2024,2024-12-01,948079.08,ocha_reported
PAN,2019,2019-01-01,356579.67,ocha_reported
PAN,2019,2019-02-01,356579.67,ocha_reported
PAN,2019,2019-03-01,356579.67,ocha_reported
PAN,2019,2019-04-01,356579.67,ocha_reported
PAN,2019,2019-05-01,356579.67,ocha_reported
PAN,2019,2019-06-01,356579.67,ocha_reported
PAN,2019,2019-07-01,356579.67,ocha_reported
PAN,2019,2019-08-01,356579.67,ocha_reported
PAN,2019,2019-09-01,356579.67,ocha_reported
PAN,2019,2019-10-01,356579.67,ocha_reported
PAN,2019,2019-11-01,356579.67,ocha_reported
PAN,2019,2019-12-01,356579.67,ocha_reported
PAN,2020,2020-01-01,1984873.17,ocha_reported
PAN,2020,2020-02-01,1984873.17,ocha_reported
PAN,2020,2020-03-01,1984873.17,ocha_reported
PAN,2020,2020-04-01,1984873.17,ocha_reported
PAN,2020,2020-05-01,1984873.17,ocha_reported
PAN,2020,2020-06-01,1984873.17,ocha_reported
PAN,2020,2020-07-01,1984873.17,ocha_reported
PAN,2020,2020-08-01,1984873.17,ocha_reported
PAN,2020,2020-09-01,1984873.17,ocha_reported
PAN,2020,2020-10-01,1984873.17,ocha_reported
PAN,2020,2020-11-01,1984873.17,ocha_reported
PAN,2020,2020-12-01,1984873.17,ocha_reported
PAN,2021,2021-01-01,876415.17,ocha_reported
PAN,2021,2021-02-01,876415.17,ocha_reported
PAN,2021,2021-03-01,876415.17,ocha_reported
PAN,2021,2021-04-01,876415.17,ocha_reported
PAN,2021,2021-05-01,876415.17,ocha_reported
PAN,2021,2021-06-01,876415.17,ocha_reported
PAN,2021,2021-07-01,876415.17,ocha_reported
PAN,2021,2021-08-01,876415.17,ocha_reported
PAN,2021,2021-09-01,876415.17,ocha_reported
PAN,2021,2021-10-01,876415.17,ocha_reported
PAN,2021,2021-11-01,876415.17,ocha_reported
PAN,2021,2021-12-01,876415.17,ocha_reported
PAN,2022,2022-01-01,2798693.25,ocha_reported
PAN,2022,2022-02-01,2798693.25,ocha_reported
PAN,2022,2022-03-01,2798693.25,ocha_reported
PAN,2022,2022-04-01,2798693.25,ocha_reported
PAN,2022,2022-05-01,2798693.25,ocha_reported
PAN,2022,2022-06-01,2798693.25,ocha_reported
PAN,2022,2022-07-01,2798693.25,ocha_reported
PAN,2022,2022-08-01,2798693.25,ocha_reported
PAN,2022,2022-09-01,2798693.25,ocha_reported
PAN,2022,2022-10-01,2798693.25,ocha_reported
PAN,2022,2022-11-01,2798693.25,ocha_reported
PAN,2022,2022-12-01,2798693.25,ocha_reported
PAN,2023,2023-01-01,2510045.42,ocha_reported
PAN,2023,2023-02-01,2510045.42,ocha_reported
PAN,2023,2023-03-01,2510045.42,ocha_reported
PAN,2023,2023-04-01,2510045.42,ocha_reported
PAN,2023,2023-05-01,2510045.42,ocha_reported
PAN,2023,2023-06-01,2510045.42,ocha_reported
PAN,2023,2023-07-01,2510045.42,ocha_reported
PAN,2023,2023-08-01,2510045.42,ocha_reported
PAN,2023,2023-09-01,2510045.42,ocha_reported
PAN,2023,2023-10-01,2510045.42,ocha_reported
PAN,2023,2023-11-01,2510045.42,ocha_reported
PAN,2023,2023-12-01,2510045.42,ocha_reported
PAN,2024,2024-01-01,1701353.5,ocha_reported
PAN,2024,2024-02-01,1701353.5,ocha_reported
PAN,2024,2024-03-01,1701353.5,ocha_reported
PAN,2024,2024-04-01,1701353.5,ocha_reported
PAN,2024,2024-05-01,1701353.5,ocha_reported
PAN,2024,2024-06-01,1701353.5,ocha_reported
PAN,2024,2024-07-01,1701353.5,ocha_reported
PAN,2024,2024-08-01,1701353.5,ocha_reported
PAN,2024,2024-09-01,1701353.5,ocha_reported
PAN,2024,2024-10-01,1701353.5,ocha_reported
PAN,2024,2024-11-01,1701353.5,ocha_reported
PAN,2024,2024-12-01,1701353.5,ocha_reported
PRI,2019,2019-01-01,0.0,ocha_zero_structural
PRI,2019,2019-02-01,0.0,ocha_zero_structural
PRI,2019,2019-03-01,0.0,ocha_zero_structural
PRI,2019,2019-04-01,0.0,ocha_zero_structural
PRI,2019,2019-05-01,0.0,ocha_zero_structural
PRI,2019,2019-06-01,0.0,ocha_zero_structural
PRI,2019,2019-07-01,0.0,ocha_zero_structural
PRI,2019,2019-08-01,0.0,ocha_zero_structural
PRI,2019,2019-09-01,0.0,ocha_zero_structural
PRI,2019,2019-10-01,0.0,ocha_zero_structural
PRI,2019,2019-11-01,0.0,ocha_zero_structural
PRI,2019,2019-12-01,0.0,ocha_zero_structural
PRI,2020,2020-01-01,0.0,ocha_zero_structural
PRI,2020,2020-02-01,0.0,ocha_zero_structural
PRI,2020,2020-03-01,0.0,ocha_zero_structural
PRI,2020,2020-04-01,0.0,ocha_zero_structural
PRI,2020,2020-05-01,0.0,ocha_zero_structural
PRI,2020,2020-06-01,0.0,ocha_zero_structural
PRI,2020,2020-07-01,0.0,ocha_zero_structural
PRI,2020,2020-08-01,0.0,ocha_zero_structural
PRI,2020,2020-09-01,0.0,ocha_zero_structural
PRI,2020,2020-10-01,0.0,ocha_zero_structural
PRI,2020,2020-11-01,0.0,ocha_zero_structural
PRI,2020,2020-12-01,0.0,ocha_zero_structural
PRI,2021,2021-01-01,0.0,ocha_zero_structural
PRI,2021,2021-02-01,0.0,ocha_zero_structural
PRI,2021,2021-03-01,0.0,ocha_zero_structural
PRI,2021,2021-04-01,0.0,ocha_zero_structural
PRI,2021,2021-05-01,0.0,ocha_zero_structural
PRI,2021,2021-06-01,0.0,ocha_zero_structural
PRI,2021,2021-07-01,0.0,ocha_zero_structural
PRI,2021,2021-08-01,0.0,ocha_zero_structural
PRI,2021,2021-09-01,0.0,ocha_zero_structural
PRI,2021,2021-10-01,0.0,ocha_zero_structural
PRI,2021,2021-11-01,0.0,ocha_zero_structural
PRI,2021,2021-12-01,0.0,ocha_zero_structural
PRI,2022,2022-01-01,0.0,ocha_zero_structural
PRI,2022,2022-02-01,0.0,ocha_zero_structural
PRI,2022,2022-03-01,0.0,ocha_zero_structural
PRI,2022,2022-04-01,0.0,ocha_zero_structural
PRI,2022,2022-05-01,0.0,ocha_zero_structural
PRI,2022,2022-06-01,0.0,ocha_zero_structural
PRI,2022,2022-07-01,0.0,ocha_zero_structural
PRI,2022,2022-08-01,0.0,ocha_zero_structural
PRI,2022,2022-09-01,0.0,ocha_zero_structural
PRI,2022,2022-10-01,0.0,ocha_zero_structural
PRI,2022,2022-11-01,0.0,ocha_zero_structural
PRI,2022,2022-12-01,0.0,ocha_zero_structural
PRI,2023,2023-01-01,0.0,ocha_zero_structural
PRI,2023,2023-02-01,0.0,ocha_zero_structural
PRI,2023,2023-03-01,0.0,ocha_zero_structural
PRI,2023,2023-04-01,0.0,ocha_zero_structural
PRI,2023,2023-05-01,0.0,ocha_zero_structural
PRI,2023,2023-06-01,0.0,ocha_zero_structural
PRI,2023,2023-07-01,0.0,ocha_zero_structural
PRI,2023,2023-08-01,0.0,ocha_zero_structural
PRI,2023,2023-09-01,0.0,ocha_zero_structural
PRI,2023,2023-10-01,0.0,ocha_zero_structural
PRI,2023,2023-11-01,0.0,ocha_zero_structural
PRI,2023,2023-12-01,0.0,ocha_zero_structural
PRI,2024,2024-01-01,0.0,ocha_zero_structural
PRI,2024,2024-02-01,0.0,ocha_zero_structural
PRI,2024,2024-03-01,0.0,ocha_zero_structural
PRI,2024,2024-04-01,0.0,ocha_zero_structural
PRI,2024,2024-05-01,0.0,ocha_zero_structural
PRI,2024,2024-06-01,0.0,ocha_zero_structural
PRI,2024,2024-07-01,0.0,ocha_zero_structural
PRI,2024,2024-08-01,0.0,ocha_zero_structural
PRI,2024,2024-09-01,0.0,ocha_zero_structural
PRI,2024,2024-10-01,0.0,ocha_zero_structural
PRI,2024,2024-11-01,0.0,ocha_zero_structural
PRI,2024,2024-12-01,0.0,ocha_zero_structural
SLV,2019,2019-01-01,208752.33,ocha_reported
SLV,2019,2019-02-01,208752.33,ocha_reported
SLV,2019,2019-03-01,208752.33,ocha_reported
SLV,2019,2019-04-01,208752.33,ocha_reported
SLV,2019,2019-05-01,208752.33,ocha_reported
SLV,2019,2019-06-01,208752.33,ocha_reported
SLV,2019,2019-07-01,208752.33,ocha_reported
SLV,2019,2019-08-01,208752.33,ocha_reported
SLV,2019,2019-09-01,208752.33,ocha_reported
SLV,2019,2019-10-01,208752.33,ocha_reported
SLV,2019,2019-11-01,208752.33,ocha_reported
SLV,2019,2019-12-01,208752.33,ocha_reported
SLV,2020,2020-01-01,1668852.33,ocha_reported
SLV,2020,2020-02-01,1668852.33,ocha_reported
SLV,2020,2020-03-01,1668852.33,ocha_reported
SLV,2020,2020-04-01,1668852.33,ocha_reported
SLV,2020,2020-05-01,1668852.33,ocha_reported
SLV,2020,2020-06-01,1668852.33,ocha_reported
SLV,2020,2020-07-01,1668852.33,ocha_reported
SLV,2020,2020-08-01,1668852.33,ocha_reported
SLV,2020,2020-09-01,1668852.33,ocha_reported
SLV,2020,2020-10-01,1668852.33,ocha_reported
SLV,2020,2020-11-01,1668852.33,ocha_reported
SLV,2020,2020-12-01,1668852.33,ocha_reported
SLV,2021,2021-01-01,2738673.33,ocha_reported
SLV,2021,2021-02-01,2738673.33,ocha_reported
SLV,2021,2021-03-01,2738673.33,ocha_reported
SLV,2021,2021-04-01,2738673.33,ocha_reported
SLV,2021,2021-05-01,2738673.33,ocha_reported
SLV,2021,2021-06-01,2738673.33,ocha_reported
SLV,2021,2021-07-01,2738673.33,ocha_reported
SLV,2021,2021-08-01,2738673.33,ocha_reported
SLV,2021,2021-09-01,2738673.33,ocha_reported
SLV,2021,2021-10-01,2738673.33,ocha_reported
SLV,2021,2021-11-01,2738673.33,ocha_reported
SLV,2021,2021-12-01,2738673.33,ocha_reported
SLV,2022,2022-01-01,3832222.0,ocha_reported
SLV,2022,2022-02-01,3832222.0,ocha_reported
SLV,2022,2022-03-01,3832222.0,ocha_reported
SLV,2022,2022-04-01,3832222.0,ocha_reported
SLV,2022,2022-05-01,3832222.0,ocha_reported
SLV,2022,2022-06-01,3832222.0,ocha_reported
SLV,2022,2022-07-01,3832222.0,ocha_reported
SLV,2022,2022-08-01,3832222.0,ocha_reported
SLV,2022,2022-09-01,3832222.0,ocha_reported
SLV,2022,2022-10-01,3832222.0,ocha_reported
SLV,2022,2022-11-01,3832222.0,ocha_reported
SLV,2022,2022-12-01,3832222.0,ocha_reported
SLV,2023,2023-01-01,2873652.92,ocha_reported
SLV,2023,2023-02-01,2873652.92,ocha_reported
SLV,2023,2023-03-01,2873652.92,ocha_reported
SLV,2023,2023-04-01,2873652.92,ocha_reported
SLV,2023,2023-05-01,2873652.92,ocha_reported
SLV,2023,2023-06-01,2873652.92,ocha_reported
SLV,2023,2023-07-01,2873652.92,ocha_reported
SLV,2023,2023-08-01,2873652.92,ocha_reported
SLV,2023,2023-09-01,2873652.92,ocha_reported
SLV,2023,2023-10-01,2873652.92,ocha_reported
SLV,2023,2023-11-01,2873652.92,ocha_reported
SLV,2023,2023-12-01,2873652.92,ocha_reported
SLV,2024,2024-01-01,2859034.58,ocha_reported
SLV,2024,2024-02-01,2859034.58,ocha_reported
SLV,2024,2024-03-01,2859034.58,ocha_reported
SLV,2024,2024-04-01,2859034.58,ocha_reported
SLV,2024,2024-05-01,2859034.58,ocha_reported
SLV,2024,2024-06-01,2859034.58,ocha_reported
SLV,2024,2024-07-01,2859034.58,ocha_reported
SLV,2024,2024-08-01,2859034.58,ocha_reported
SLV,2024,2024-09-01,2859034.58,ocha_reported
SLV,2024,2024-10-01,2859034.58,ocha_reported
SLV,2024,2024-11-01,2859034.58,ocha_reported
SLV,2024,2024-12-01,2859034.58,ocha_reported
SUR,2019,2019-01-01,0.0,ocha_zero_no_flows
SUR,2019,2019-02-01,0.0,ocha_zero_no_flows
SUR,2019,2019-03-01,0.0,ocha_zero_no_flows
SUR,2019,2019-04-01,0.0,ocha_zero_no_flows
SUR,2019,2019-05-01,0.0,ocha_zero_no_flows
SUR,2019,2019-06-01,0.0,ocha_zero_no_flows
SUR,2019,2019-07-01,0.0,ocha_zero_no_flows
SUR,2019,2019-08-01,0.0,ocha_zero_no_flows
SUR,2019,2019-09-01,0.0,ocha_zero_no_flows
SUR,2019,2019-10-01,0.0,ocha_zero_no_flows
SUR,2019,2019-11-01,0.0,ocha_zero_no_flows
SUR,2019,2019-12-01,0.0,ocha_zero_no_flows
SUR,2020,2020-01-01,38360.25,ocha_reported
SUR,2020,2020-02-01,38360.25,ocha_reported
SUR,2020,2020-03-01,38360.25,ocha_reported
SUR,2020,2020-04-01,38360.25,ocha_reported
SUR,2020,2020-05-01,38360.25,ocha_reported
SUR,2020,2020-06-01,38360.25,ocha_reported
SUR,2020,2020-07-01,38360.25,ocha_reported
SUR,2020,2020-08-01,38360.25,ocha_reported
SUR,2020,2020-09-01,38360.25,ocha_reported
SUR,2020,2020-10-01,38360.25,ocha_reported
SUR,2020,2020-11-01,38360.25,ocha_reported
SUR,2020,2020-12-01,38360.25,ocha_reported
SUR,2021,2021-01-01,1310.25,ocha_reported
SUR,2021,2021-02-01,1310.25,ocha_reported
SUR,2021,2021-03-01,1310.25,ocha_reported
SUR,2021,2021-04-01,1310.25,ocha_reported
SUR,2021,2021-05-01,1310.25,ocha_reported
SUR,2021,2021-06-01,1310.25,ocha_reported
SUR,2021,2021-07-01,1310.25,ocha_reported
SUR,2021,2021-08-01,1310.25,ocha_reported
SUR,2021,2021-09-01,1310.25,ocha_reported
SUR,2021,2021-10-01,1310.25,ocha_reported
SUR,2021,2021-11-01,1310.25,ocha_reported
SUR,2021,2021-12-01,1310.25,ocha_reported
SUR,2022,2022-01-01,18315.0,ocha_reported
SUR,2022,2022-02-01,18315.0,ocha_reported
SUR,2022,2022-03-01,18315.0,ocha_reported
SUR,2022,2022-04-01,18315.0,ocha_reported
SUR,2022,2022-05-01,18315.0,ocha_reported
SUR,2022,2022-06-01,18315.0,ocha_reported
SUR,2022,2022-07-01,18315.0,ocha_reported
SUR,2022,2022-08-01,18315.0,ocha_reported
SUR,2022,2022-09-01,18315.0,ocha_reported
SUR,2022,2022-10-01,18315.0,ocha_reported
SUR,2022,2022-11-01,18315.0,ocha_reported
SUR,2022,2022-12-01,18315.0,ocha_reported
SUR,2023,2023-01-01,7686.17,ocha_reported
SUR,2023,2023-02-01,7686.17,ocha_reported
SUR,2023,2023-03-01,7686.17,ocha_reported
SUR,2023,2023-04-01,7686.17,ocha_reported
SUR,2023,2023-05-01,7686.17,ocha_reported
SUR,2023,2023-06-01,7686.17,ocha_reported
SUR,2023,2023-07-01,7686.17,ocha_reported
SUR,2023,2023-08-01,7686.17,ocha_reported
SUR,2023,2023-09-01,7686.17,ocha_reported
SUR,2023,2023-10-01,7686.17,ocha_reported
SUR,2023,2023-11-01,7686.17,ocha_reported
SUR,2023,2023-12-01,7686.17,ocha_reported
SUR,2024,2024-01-01,5435.58,ocha_reported
SUR,2024,2024-02-01,5435.58,ocha_reported
SUR,2024,2024-03-01,5435.58,ocha_reported
SUR,2024,2024-04-01,5435.58,ocha_reported
SUR,2024,2024-05-01,5435.58,ocha_reported
SUR,2024,2024-06-01,5435.58,ocha_reported
SUR,2024,2024-07-01,5435.58,ocha_reported
SUR,2024,2024-08-01,5435.58,ocha_reported
SUR,2024,2024-09-01,5435.58,ocha_reported
SUR,2024,2024-10-01,5435.58,ocha_reported
SUR,2024,2024-11-01,5435.58,ocha_reported
SUR,2024,2024-12-01,5435.58,ocha_reported
TTO,2019,2019-01-01,500339.42,ocha_reported
TTO,2019,2019-02-01,500339.42,ocha_reported
TTO,2019,2019-03-01,500339.42,ocha_reported
TTO,2019,2019-04-01,500339.42,ocha_reported
TTO,2019,2019-05-01,500339.42,ocha_reported
TTO,2019,2019-06-01,500339.42,ocha_reported
TTO,2019,2019-07-01,500339.42,ocha_reported
TTO,2019,2019-08-01,500339.42,ocha_reported
TTO,2019,2019-09-01,500339.42,ocha_reported
TTO,2019,2019-10-01,500339.42,ocha_reported
TTO,2019,2019-11-01,500339.42,ocha_reported
TTO,2019,2019-12-01,500339.42,ocha_reported
TTO,2020,2020-01-01,697648.17,ocha_reported
TTO,2020,2020-02-01,697648.17,ocha_reported
TTO,2020,2020-03-01,697648.17,ocha_reported
TTO,2020,2020-04-01,697648.17,ocha_reported
TTO,2020,2020-05-01,697648.17,ocha_reported
TTO,2020,2020-06-01,697648.17,ocha_reported
TTO,2020,2020-07-01,697648.17,ocha_reported
TTO,2020,2020-08-01,697648.17,ocha_reported
TTO,2020,2020-09-01,697648.17,ocha_reported
TTO,2020,2020-10-01,697648.17,ocha_reported
TTO,2020,2020-11-01,697648.17,ocha_reported
TTO,2020,2020-12-01,697648.17,ocha_reported
TTO,2021,2021-01-01,474892.25,ocha_reported
TTO,2021,2021-02-01,474892.25,ocha_reported
TTO,2021,2021-03-01,474892.25,ocha_reported
TTO,2021,2021-04-01,474892.25,ocha_reported
TTO,2021,2021-05-01,474892.25,ocha_reported
TTO,2021,2021-06-01,474892.25,ocha_reported
TTO,2021,2021-07-01,474892.25,ocha_reported
TTO,2021,2021-08-01,474892.25,ocha_reported
TTO,2021,2021-09-01,474892.25,ocha_reported
TTO,2021,2021-10-01,474892.25,ocha_reported
TTO,2021,2021-11-01,474892.25,ocha_reported
TTO,2021,2021-12-01,474892.25,ocha_reported
TTO,2022,2022-01-01,418840.33,ocha_reported
TTO,2022,2022-02-01,418840.33,ocha_reported
TTO,2022,2022-03-01,418840.33,ocha_reported
TTO,2022,2022-04-01,418840.33,ocha_reported
TTO,2022,2022-05-01,418840.33,ocha_reported
TTO,2022,2022-06-01,418840.33,ocha_reported
TTO,2022,2022-07-01,418840.33,ocha_reported
TTO,2022,2022-08-01,418840.33,ocha_reported
TTO,2022,2022-09-01,418840.33,ocha_reported
TTO,2022,2022-10-01,418840.33,ocha_reported
TTO,2022,2022-11-01,418840.33,ocha_reported
TTO,2022,2022-12-01,418840.33,ocha_reported
TTO,2023,2023-01-01,529959.42,ocha_reported
TTO,2023,2023-02-01,529959.42,ocha_reported
TTO,2023,2023-03-01,529959.42,ocha_reported
TTO,2023,2023-04-01,529959.42,ocha_reported
TTO,2023,2023-05-01,529959.42,ocha_reported
TTO,2023,2023-06-01,529959.42,ocha_reported
TTO,2023,2023-07-01,529959.42,ocha_reported
TTO,2023,2023-08-01,529959.42,ocha_reported
TTO,2023,2023-09-01,529959.42,ocha_reported
TTO,2023,2023-10-01,529959.42,ocha_reported
TTO,2023,2023-11-01,529959.42,ocha_reported
TTO,2023,2023-12-01,529959.42,ocha_reported
TTO,2024,2024-01-01,307911.33,ocha_reported
TTO,2024,2024-02-01,307911.33,ocha_reported
TTO,2024,2024-03-01,307911.33,ocha_reported
TTO,2024,2024-04-01,307911.33,ocha_reported
TTO,2024,2024-05-01,307911.33,ocha_reported
TTO,2024,2024-06-01,307911.33,ocha_reported
TTO,2024,2024-07-01,307911.33,ocha_reported
TTO,2024,2024-08-01,307911.33,ocha_reported
TTO,2024,2024-09-01,307911.33,ocha_reported
TTO,2024,2024-10-01,307911.33,ocha_reported
TTO,2024,2024-11-01,307911.33,ocha_reported
TTO,2024,2024-12-01,307911.33,ocha_reported
VEN,2019,2019-01-01,0.0,ocha_zero_structural
VEN,2019,2019-02-01,0.0,ocha_zero_structural
VEN,2019,2019-03-01,0.0,ocha_zero_structural
VEN,2019,2019-04-01,0.0,ocha_zero_structural
VEN,2019,2019-05-01,0.0,ocha_zero_structural
VEN,2019,2019-06-01,0.0,ocha_zero_structural
VEN,2019,2019-07-01,0.0,ocha_zero_structural
VEN,2019,2019-08-01,0.0,ocha_zero_structural
VEN,2019,2019-09-01,0.0,ocha_zero_structural
VEN,2019,2019-10-01,0.0,ocha_zero_structural
VEN,2019,2019-11-01,0.0,ocha_zero_structural
VEN,2019,2019-12-01,0.0,ocha_zero_structural
VEN,2020,2020-01-01,0.0,ocha_zero_structural
VEN,2020,2020-02-01,0.0,ocha_zero_structural
VEN,2020,2020-03-01,0.0,ocha_zero_structural
VEN,2020,2020-04-01,0.0,ocha_zero_structural
VEN,2020,2020-05-01,0.0,ocha_zero_structural
VEN,2020,2020-06-01,0.0,ocha_zero_structural
VEN,2020,2020-07-01,0.0,ocha_zero_structural
VEN,2020,2020-08-01,0.0,ocha_zero_structural
VEN,2020,2020-09-01,0.0,ocha_zero_structural
VEN,2020,2020-10-01,0.0,ocha_zero_structural
VEN,2020,2020-11-01,0.0,ocha_zero_structural
VEN,2020,2020-12-01,0.0,ocha_zero_structural
VEN,2021,2021-01-01,0.0,ocha_zero_structural
VEN,2021,2021-02-01,0.0,ocha_zero_structural
VEN,2021,2021-03-01,0.0,ocha_zero_structural
VEN,2021,2021-04-01,0.0,ocha_zero_structural
VEN,2021,2021-05-01,0.0,ocha_zero_structural
VEN,2021,2021-06-01,0.0,ocha_zero_structural
VEN,2021,2021-07-01,0.0,ocha_zero_structural
VEN,2021,2021-08-01,0.0,ocha_zero_structural
VEN,2021,2021-09-01,0.0,ocha_zero_structural
VEN,2021,2021-10-01,0.0,ocha_zero_structural
VEN,2021,2021-11-01,0.0,ocha_zero_structural
VEN,2021,2021-12-01,0.0,ocha_zero_structural
VEN,2022,2022-01-01,0.0,ocha_zero_structural
VEN,2022,2022-02-01,0.0,ocha_zero_structural
VEN,2022,2022-03-01,0.0,ocha_zero_structural
VEN,2022,2022-04-01,0.0,ocha_zero_structural
VEN,2022,2022-05-01,0.0,ocha_zero_structural
VEN,2022,2022-06-01,0.0,ocha_zero_structural
VEN,2022,2022-07-01,0.0,ocha_zero_structural
VEN,2022,2022-08-01,0.0,ocha_zero_structural
VEN,2022,2022-09-01,0.0,ocha_zero_structural
VEN,2022,2022-10-01,0.0,ocha_zero_structural
VEN,2022,2022-11-01,0.0,ocha_zero_structural
VEN,2022,2022-12-01,0.0,ocha_zero_structural
VEN,2023,2023-01-01,0.0,ocha_zero_structural
VEN,2023,2023-02-01,0.0,ocha_zero_structural
VEN,2023,2023-03-01,0.0,ocha_zero_structural
VEN,2023,2023-04-01,0.0,ocha_zero_structural
VEN,2023,2023-05-01,0.0,ocha_zero_structural
VEN,2023,2023-06-01,0.0,ocha_zero_structural
VEN,2023,2023-07-01,0.0,ocha_zero_structural
VEN,2023,2023-08-01,0.0,ocha_zero_structural
VEN,2023,2023-09-01,0.0,ocha_zero_structural
VEN,2023,2023-10-01,0.0,ocha_zero_structural
VEN,2023,2023-11-01,0.0,ocha_zero_structural
VEN,2023,2023-12-01,0.0,ocha_zero_structural
VEN,2024,2024-01-01,0.0,ocha_zero_structural
VEN,2024,2024-02-01,0.0,ocha_zero_structural
VEN,2024,2024-03-01,0.0,ocha_zero_structural
VEN,2024,2024-04-01,0.0,ocha_zero_structural
VEN,2024,2024-05-01,0.0,ocha_zero_structural
VEN,2024,2024-06-01,0.0,ocha_zero_structural
VEN,2024,2024-07-01,0.0,ocha_zero_structural
VEN,2024,2024-08-01,0.0,ocha_zero_structural
VEN,2024,2024-09-01,0.0,ocha_zero_structural
VEN,2024,2024-10-01,0.0,ocha_zero_structural
VEN,2024,2024-11-01,0.0,ocha_zero_structural
VEN,2024,2024-12-01,0.0,ocha_zero_structural
