iso3,year,month,inform_risk_score,hazard_exposure,vulnerability,lack_coping_capacity,natural_hazard,socioeconomic_vulnerability,infrastructure_coping,inform_data_flag
BHS,2019,2019-01-01,2.2,1.9,1.7,3.1,3.5,2.0,2.4,inform_annual
BHS,2019,2019-02-01,2.2,1.9,1.7,3.1,3.5,2.0,2.4,inform_annual
BHS,2019,2019-03-01,2.2,1.9,1.7,3.1,3.5,2.0,2.4,inform_annual
BHS,2019,2019-04-01,2.2,1.9,1.7,3.1,3.5,2.0,2.4,inform_annual
BHS,2019,2019-05-01,2.2,1.9,1.7,3.1,3.5,2.0,2.4,inform_annual
BHS,2019,2019-06-01,2.2,1.9,1.7,3.1,3.5,2.0,2.4,inform_annual
BHS,2019,2019-07-01,2.2,1.9,1.7,3.1,3.5,2.0,2.4,inform_annual
BHS,2019,2019-08-01,2.2,1.9,1.7,3.1,3.5,2.0,2.4,inform_annual
BHS,2019,2019-09-01,2.2,1.9,1.7,3.1,3.5,2.0,2.4,inform_annual
BHS,2019,2019-10-01,2.2,1.9,1.7,3.1,3.5,2.0,2.4,inform_annual
BHS,2019,2019-11-01,2.2,1.9,1.7,3.1,3.5,2.0,2.4,inform_annual
BHS,2019,2019-12-01,2.2,1.9,1.7,3.1,3.5,2.0,2.4,inform_annual
BHS,2020,2020-01-01,2.3,1.9,2.1,3.1,3.5,2.3,2.2,inform_annual
BHS,2020,2020-02-01,2.3,1.9,2.1,3.1,3.5,2.3,2.2,inform_annual
BHS,2020,2020-03-01,2.3,1.9,2.1,3.1,3.5,2.3,2.2,inform_annual
BHS,2020,2020-04-01,2.3,1.9,2.1,3.1,3.5,2.3,2.2,inform_annual
BHS,2020,2020-05-01,2.3,1.9,2.1,3.1,3.5,2.3,2.2,inform_annual
BHS,2020,2020-06-01,2.3,1.9,2.1,3.1,3.5,2.3,2.2,inform_annual
BHS,2020,2020-07-01,2.3,1.9,2.1,3.1,3.5,2.3,2.2,inform_annual
BHS,2020,2020-08-01,2.3,1.9,2.1,3.1,3.5,2.3,2.2,inform_annual
BHS,2020,2020-09-01,2.3,1.9,2.1,3.1,3.5,2.3,2.2,inform_annual
BHS,2020,2020-10-01,2.3,1.9,2.1,3.1,3.5,2.3,2.2,inform_annual
BHS,2020,2020-11-01,2.3,1.9,2.1,3.1,3.5,2.3,2.2,inform_annual
BHS,2020,2020-12-01,2.3,1.9,2.1,3.1,3.5,2.3,2.2,inform_annual
BHS,2021,2021-01-01,2.3,1.9,2.0,3.2,3.5,2.4,2.2,inform_annual
BHS,2021,2021-02-01,2.3,1.9,2.0,3.2,3.5,2.4,2.2,inform_annual
BHS,2021,2021-03-01,2.3,1.9,2.0,3.2,3.5,2.4,2.2,inform_annual
BHS,2021,2021-04-01,2.3,1.9,2.0,3.2,3.5,2.4,2.2,inform_annual
BHS,2021,2021-05-01,2.3,1.9,2.0,3.2,3.5,2.4,2.2,inform_annual
BHS,2021,2021-06-01,2.3,1.9,2.0,3.2,3.5,2.4,2.2,inform_annual
BHS,2021,2021-07-01,2.3,1.9,2.0,3.2,3.5,2.4,2.2,inform_annual
BHS,2021,2021-08-01,2.3,1.9,2.0,3.2,3.5,2.4,2.2,inform_annual
BHS,2021,2021-09-01,2.3,1.9,2.0,3.2,3.5,2.4,2.2,inform_annual
BHS,2021,2021-10-01,2.3,1.9,2.0,3.2,3.5,2.4,2.2,inform_annual
BHS,2021,2021-11-01,2.3,1.9,2.0,3.2,3.5,2.4,2.2,inform_annual
BHS,2021,2021-12-01,2.3,1.9,2.0,3.2,3.5,2.4,2.2,inform_annual
BHS,2022,2022-01-01,2.2,1.9,1.9,3.1,3.5,2.4,2.3,inform_annual
BHS,2022,2022-02-01,2.2,1.9,1.9,3.1,3.5,2.4,2.3,inform_annual
BHS,2022,2022-03-01,2.2,1.9,1.9,3.1,3.5,2.4,2.3,inform_annual
BHS,2022,2022-04-01,2.2,1.9,1.9,3.1,3.5,2.4,2.3,inform_annual
BHS,2022,2022-05-01,2.2,1.9,1.9,3.1,3.5,2.4,2.3,inform_annual
BHS,2022,2022-06-01,2.2,1.9,1.9,3.1,3.5,2.4,2.3,inform_annual
BHS,2022,2022-07-01,2.2,1.9,1.9,3.1,3.5,2.4,2.3,inform_annual
BHS,2022,2022-08-01,2.2,1.9,1.9,3.1,3.5,2.4,2.3,inform_annual
BHS,2022,2022-09-01,2.2,1.9,1.9,3.1,3.5,2.4,2.3,inform_annual
BHS,2022,2022-10-01,2.2,1.9,1.9,3.1,3.5,2.4,2.3,inform_annual
BHS,2022,2022-11-01,2.2,1.9,1.9,3.1,3.5,2.4,2.3,inform_annual
BHS,2022,2022-12-01,2.2,1.9,1.9,3.1,3.5,2.4,2.3,inform_annual
BHS,2023,2023-01-01,2.3,2.0,2.0,3.1,3.5,2.0,2.3,inform_annual
BHS,2023,2023-02-01,2.3,2.0,2.0,3.1,3.5,2.0,2.3,inform_annual
BHS,2023,2023-03-01,2.3,2.0,2.0,3.1,3.5,2.0,2.3,inform_annual
BHS,2023,2023-04-01,2.3,2.0,2.0,3.1,3.5,2.0,2.3,inform_annual
BHS,2023,2023-05-01,2.3,2.0,2.0,3.1,3.5,2.0,2.3,inform_annual
BHS,2023,2023-06-01,2.3,2.0,2.0,3.1,3.5,2.0,2.3,inform_annual
BHS,2023,2023-07-01,2.3,2.0,2.0,3.1,3.5,2.0,2.3,inform_annual
BHS,2023,2023-08-01,2.3,2.0,2.0,3.1,3.5,2.0,2.3,inform_annual
BHS,2023,2023-09-01,2.3,2.0,2.0,3.1,3.5,2.0,2.3,inform_annual
BHS,2023,2023-10-01,2.3,2.0,2.0,3.1,3.5,2.0,2.3,inform_annual
BHS,2023,2023-11-01,2.3,2.0,2.0,3.1,3.5,2.0,2.3,inform_annual
BHS,2023,2023-12-01,2.3,2.0,2.0,3.1,3.5,2.0,2.3,inform_annual
BHS,2024,2024-01-01,2.3,2.0,1.9,3.3,3.5,1.9,2.3,inform_annual
BHS,2024,2024-02-01,2.3,2.0,1.9,3.3,3.5,1.9,2.3,inform_annual
BHS,2024,2024-03-01,2.3,2.0,1.9,3.3,3.5,1.9,2.3,inform_annual
BHS,2024,2024-04-01,2.3,2.0,1.9,3.3,3.5,1.9,2.3,inform_annual
BHS,2024,2024-05-01,2.3,2.0,1.9,3.3,3.5,1.9,2.3,inform_annual
BHS,2024,2024-06-01,2.3,2.0,1.9,3.3,3.5,1.9,2.3,inform_annual
BHS,2024,2024-07-01,2.3,2.0,1.9,3.3,3.5,1.9,2.3,inform_annual
BHS,2024,2024-08-01,2.3,2.0,1.9,3.3,3.5,1.9,2.3,inform_annual
BHS,2024,2024-09-01,2.3,2.0,1.9,3.3,3.5,1.9,2.3,inform_annual
BHS,2024,2024-10-01,2.3,2.0,1.9,3.3,3.5,1.9,2.3,inform_annual
BHS,2024,2024-11-01,2.3,2.0,1.9,3.3,3.5,1.9,2.3,inform_annual
BHS,2024,2024-12-01,2.3,2.0,1.9,3.3,3.5,1.9,2.3,inform_annual
BLZ,2019,2019-01-01,3.4,2.1,3.6,5.1,3.7,4.2,3.7,inform_annual
BLZ,2019,2019-02-01,3.4,2.1,3.6,5.1,3.7,4.2,3.7,inform_annual
BLZ,2019,2019-03-01,3.4,2.1,3.6,5.1,3.7,4.2,3.7,inform_annual
BLZ,2019,2019-04-01,3.4,2.1,3.6,5.1,3.7,4.2,3.7,inform_annual
BLZ,2019,2019-05-01,3.4,2.1,3.6,5.1,3.7,4.2,3.7,inform_annual
BLZ,2019,2019-06-01,3.4,2.1,3.6,5.1,3.7,4.2,3.7,inform_annual
BLZ,2019,2019-07-01,3.4,2.1,3.6,5.1,3.7,4.2,3.7,inform_annual
BLZ,2019,2019-08-01,3.4,2.1,3.6,5.1,3.7,4.2,3.7,inform_annual
BLZ,2019,2019-09-01,3.4,2.1,3.6,5.1,3.7,4.2,3.7,inform_annual
BLZ,2019,2019-10-01,3.4,2.1,3.6,5.1,3.7,4.2,3.7,inform_annual
BLZ,2019,2019-11-01,3.4,2.1,3.6,5.1,3.7,4.2,3.7,inform_annual
BLZ,2019,2019-12-01,3.4,2.1,3.6,5.1,3.7,4.2,3.7,inform_annual
BLZ,2020,2020-01-01,3.3,2.1,3.5,5.1,3.8,4.1,3.7,inform_annual
BLZ,2020,2020-02-01,3.3,2.1,3.5,5.1,3.8,4.1,3.7,inform_annual
BLZ,2020,2020-03-01,3.3,2.1,3.5,5.1,3.8,4.1,3.7,inform_annual
BLZ,2020,2020-04-01,3.3,2.1,3.5,5.1,3.8,4.1,3.7,inform_annual
BLZ,2020,2020-05-01,3.3,2.1,3.5,5.1,3.8,4.1,3.7,inform_annual
BLZ,2020,2020-06-01,3.3,2.1,3.5,5.1,3.8,4.1,3.7,inform_annual
BLZ,2020,2020-07-01,3.3,2.1,3.5,5.1,3.8,4.1,3.7,inform_annual
BLZ,2020,2020-08-01,3.3,2.1,3.5,5.1,3.8,4.1,3.7,inform_annual
BLZ,2020,2020-09-01,3.3,2.1,3.5,5.1,3.8,4.1,3.7,inform_annual
BLZ,2020,2020-10-01,3.3,2.1,3.5,5.1,3.8,4.1,3.7,inform_annual
BLZ,2020,2020-11-01,3.3,2.1,3.5,5.1,3.8,4.1,3.7,inform_annual
BLZ,2020,2020-12-01,3.3,2.1,3.5,5.1,3.8,4.1,3.7,inform_annual
BLZ,2021,2021-01-01,3.7,2.1,4.7,5.1,3.7,4.4,3.8,inform_annual
BLZ,2021,2021-02-01,3.7,2.1,4.7,5.1,3.7,4.4,3.8,inform_annual
BLZ,2021,2021-03-01,3.7,2.1,4.7,5.1,3.7,4.4,3.8,inform_annual
BLZ,2021,2021-04-01,3.7,2.1,4.7,5.1,3.7,4.4,3.8,inform_annual
BLZ,2021,2021-05-01,3.7,2.1,4.7,5.1,3.7,4.4,3.8,inform_annual
BLZ,2021,2021-06-01,3.7,2.1,4.7,5.1,3.7,4.4,3.8,inform_annual
BLZ,2021,2021-07-01,3.7,2.1,4.7,5.1,3.7,4.4,3.8,inform_annual
BLZ,2021,2021-08-01,3.7,2.1,4.7,5.1,3.7,4.4,3.8,inform_annual
BLZ,2021,2021-09-01,3.7,2.1,4.7,5.1,3.7,4.4,3.8,inform_annual
BLZ,2021,2021-10-01,3.7,2.1,4.7,5.1,3.7,4.4,3.8,inform_annual
BLZ,2021,2021-11-01,3.7,2.1,4.7,5.1,3.7,4.4,3.8,inform_annual
BLZ,2021,2021-12-01,3.7,2.1,4.7,5.1,3.7,4.4,3.8,inform_annual
BLZ,2022,2022-01-01,3.5,2.1,4.2,5.0,3.7,4.5,3.7,inform_annual
BLZ,2022,2022-02-01,3.5,2.1,4.2,5.0,3.7,4.5,3.7,inform_annual
BLZ,2022,2022-03-01,3.5,2.1,4.2,5.0,3.7,4.5,3.7,inform_annual
BLZ,2022,2022-04-01,3.5,2.1,4.2,5.0,3.7,4.5,3.7,inform_annual
BLZ,2022,2022-05-01,3.5,2.1,4.2,5.0,3.7,4.5,3.7,inform_annual
BLZ,2022,2022-06-01,3.5,2.1,4.2,5.0,3.7,4.5,3.7,inform_annual
BLZ,2022,2022-07-01,3.5,2.1,4.2,5.0,3.7,4.5,3.7,inform_annual
BLZ,2022,2022-08-01,3.5,2.1,4.2,5.0,3.7,4.5,3.7,inform_annual
BLZ,2022,2022-09-01,3.5,2.1,4.2,5.0,3.7,4.5,3.7,inform_annual
BLZ,2022,2022-10-01,3.5,2.1,4.2,5.0,3.7,4.5,3.7,inform_annual
BLZ,2022,2022-11-01,3.5,2.1,4.2,5.0,3.7,4.5,3.7,inform_annual
BLZ,2022,2022-12-01,3.5,2.1,4.2,5.0,3.7,4.5,3.7,inform_annual
BLZ,2023,2023-01-01,3.7,2.1,5.0,4.8,3.8,4.5,3.7,inform_annual
BLZ,2023,2023-02-01,3.7,2.1,5.0,4.8,3.8,4.5,3.7,inform_annual
BLZ,2023,2023-03-01,3.7,2.1,5.0,4.8,3.8,4.5,3.7,inform_annual
BLZ,2023,2023-04-01,3.7,2.1,5.0,4.8,3.8,4.5,3.7,inform_annual
BLZ,2023,2023-05-01,3.7,2.1,5.0,4.8,3.8,4.5,3.7,inform_annual
BLZ,2023,2023-06-01,3.7,2.1,5.0,4.8,3.8,4.5,3.7,inform_annual
BLZ,2023,2023-07-01,3.7,2.1,5.0,4.8,3.8,4.5,3.7,inform_annual
BLZ,2023,2023-08-01,3.7,2.1,5.0,4.8,3.8,4.5,3.7,inform_annual
BLZ,2023,2023-09-01,3.7,2.1,5.0,4.8,3.8,4.5,3.7,inform_annual
BLZ,2023,2023-10-01,3.7,2.1,5.0,4.8,3.8,4.5,3.7,inform_annual
BLZ,2023,2023-11-01,3.7,2.1,5.0,4.8,3.8,4.5,3.7,inform_annual
BLZ,2023,2023-12-01,3.7,2.1,5.0,4.8,3.8,4.5,3.7,inform_annual
BLZ,2024,2024-01-01,3.7,2.1,4.9,4.8,3.8,4.3,3.7,inform_annual
BLZ,2024,2024-02-01,3.7,2.1,4.9,4.8,3.8,4.3,3.7,inform_annual
BLZ,2024,2024-03-01,3.7,2.1,4.9,4.8,3.8,4.3,3.7,inform_annual
BLZ,2024,2024-04-01,3.7,2.1,4.9,4.8,3.8,4.3,3.7,inform_annual
BLZ,2024,2024-05-01,3.7,2.1,4.9,4.8,3.8,4.3,3.7,inform_annual
BLZ,2024,2024-06-01,3.7,2.1,4.9,4.8,3.8,4.3,3.7,inform_annual
BLZ,2024,2024-07-01,3.7,2.1,4.9,4.8,3.8,4.3,3.7,inform_annual
BLZ,2024,2024-08-01,3.7,2.1,4.9,4.8,3.8,4.3,3.7,inform_annual
BLZ,2024,2024-09-01,3.7,2.1,4.9,4.8,3.8,4.3,3.7,inform_annual
BLZ,2024,2024-10-01,3.7,2.1,4.9,4.8,3.8,4.3,3.7,inform_annual
BLZ,2024,2024-11-01,3.7,2.1,4.9,4.8,3.8,4.3,3.7,inform_annual
BLZ,2024,2024-12-01,3.7,2.1,4.9,4.8,3.8,4.3,3.7,inform_annual
BRB,2019,2019-01-01,2.1,2.4,1.5,2.6,4.3,2.5,1.9,inform_annual
BRB,2019,2019-02-01,2.1,2.4,1.5,2.6,4.3,2.5,1.9,inform_annual
BRB,2019,2019-03-01,2.1,2.4,1.5,2.6,4.3,2.5,1.9,inform_annual
BRB,2019,2019-04-01,2.1,2.4,1.5,2.6,4.3,2.5,1.9,inform_annual
BRB,2019,2019-05-01,2.1,2.4,1.5,2.6,4.3,2.5,1.9,inform_annual
BRB,2019,2019-06-01,2.1,2.4,1.5,2.6,4.3,2.5,1.9,inform_annual
BRB,2019,2019-07-01,2.1,2.4,1.5,2.6,4.3,2.5,1.9,inform_annual
BRB,2019,2019-08-01,2.1,2.4,1.5,2.6,4.3,2.5,1.9,inform_annual
BRB,2019,2019-09-01,2.1,2.4,1.5,2.6,4.3,2.5,1.9,inform_annual
BRB,2019,2019-10-01,2.1,2.4,1.5,2.6,4.3,2.5,1.9,inform_annual
BRB,2019,2019-11-01,2.1,2.4,1.5,2.6,4.3,2.5,1.9,inform_annual
BRB,2019,2019-12-01,2.1,2.4,1.5,2.6,4.3,2.5,1.9,inform_annual
BRB,2020,2020-01-01,2.1,2.4,1.5,2.6,4.3,2.5,1.9,inform_annual
BRB,2020,2020-02-01,2.1,2.4,1.5,2.6,4.3,2.5,1.9,inform_annual
BRB,2020,2020-03-01,2.1,2.4,1.5,2.6,4.3,2.5,1.9,inform_annual
BRB,2020,2020-04-01,2.1,2.4,1.5,2.6,4.3,2.5,1.9,inform_annual
BRB,2020,2020-05-01,2.1,2.4,1.5,2.6,4.3,2.5,1.9,inform_annual
BRB,2020,2020-06-01,2.1,2.4,1.5,2.6,4.3,2.5,1.9,inform_annual
BRB,2020,2020-07-01,2.1,2.4,1.5,2.6,4.3,2.5,1.9,inform_annual
BRB,2020,2020-08-01,2.1,2.4,1.5,2.6,4.3,2.5,1.9,inform_annual
BRB,2020,2020-09-01,2.1,2.4,1.5,2.6,4.3,2.5,1.9,inform_annual
BRB,2020,2020-10-01,2.1,2.4,1.5,2.6,4.3,2.5,1.9,inform_annual
BRB,2020,2020-11-01,2.1,2.4,1.5,2.6,4.3,2.5,1.9,inform_annual
BRB,2020,2020-12-01,2.1,2.4,1.5,2.6,4.3,2.5,1.9,inform_annual
BRB,2021,2021-01-01,2.1,2.4,1.5,2.7,4.3,2.4,2.0,inform_annual
BRB,2021,2021-02-01,2.1,2.4,1.5,2.7,4.3,2.4,2.0,inform_annual
BRB,2021,2021-03-01,2.1,2.4,1.5,2.7,4.3,2.4,2.0,inform_annual
BRB,2021,2021-04-01,2.1,2.4,1.5,2.7,4.3,2.4,2.0,inform_annual
BRB,2021,2021-05-01,2.1,2.4,1.5,2.7,4.3,2.4,2.0,inform_annual
BRB,2021,2021-06-01,2.1,2.4,1.5,2.7,4.3,2.4,2.0,inform_annual
BRB,2021,2021-07-01,2.1,2.4,1.5,2.7,4.3,2.4,2.0,inform_annual
BRB,2021,2021-08-01,2.1,2.4,1.5,2.7,4.3,2.4,2.0,inform_annual
BRB,2021,2021-09-01,2.1,2.4,1.5,2.7,4.3,2.4,2.0,inform_annual
BRB,2021,2021-10-01,2.1,2.4,1.5,2.7,4.3,2.4,2.0,inform_annual
BRB,2021,2021-11-01,2.1,2.4,1.5,2.7,4.3,2.4,2.0,inform_annual
BRB,2021,2021-12-01,2.1,2.4,1.5,2.7,4.3,2.4,2.0,inform_annual
BRB,2022,2022-01-01,2.1,2.4,1.5,2.6,4.3,2.4,1.9,inform_annual
BRB,2022,2022-02-01,2.1,2.4,1.5,2.6,4.3,2.4,1.9,inform_annual
BRB,2022,2022-03-01,2.1,2.4,1.5,2.6,4.3,2.4,1.9,inform_annual
BRB,2022,2022-04-01,2.1,2.4,1.5,2.6,4.3,2.4,1.9,inform_annual
BRB,2022,2022-05-01,2.1,2.4,1.5,2.6,4.3,2.4,1.9,inform_annual
BRB,2022,2022-06-01,2.1,2.4,1.5,2.6,4.3,2.4,1.9,inform_annual
BRB,2022,2022-07-01,2.1,2.4,1.5,2.6,4.3,2.4,1.9,inform_annual
BRB,2022,2022-08-01,2.1,2.4,1.5,2.6,4.3,2.4,1.9,inform_annual
BRB,2022,2022-09-01,2.1,2.4,1.5,2.6,4.3,2.4,1.9,inform_annual
BRB,2022,2022-10-01,2.1,2.4,1.5,2.6,4.3,2.4,1.9,inform_annual
BRB,2022,2022-11-01,2.1,2.4,1.5,2.6,4.3,2.4,1.9,inform_annual
BRB,2022,2022-12-01,2.1,2.4,1.5,2.6,4.3,2.4,1.9,inform_annual
BRB,2023,2023-01-01,2.1,2.4,1.5,2.6,4.3,2.4,1.8,inform_annual
BRB,2023,2023-02-01,2.1,2.4,1.5,2.6,4.3,2.4,1.8,inform_annual
BRB,2023,2023-03-01,2.1,2.4,1.5,2.6,4.3,2.4,1.8,inform_annual
BRB,2023,2023-04-01,2.1,2.4,1.5,2.6,4.3,2.4,1.8,inform_annual
BRB,2023,2023-05-01,2.1,2.4,1.5,2.6,4.3,2.4,1.8,inform_annual
BRB,2023,2023-06-01,2.1,2.4,1.5,2.6,4.3,2.4,1.8,inform_annual
BRB,2023,2023-07-01,2.1,2.4,1.5,2.6,4.3,2.4,1.8,inform_annual
BRB,2023,2023-08-01,2.1,2.4,1.5,2.6,4.3,2.4,1.8,inform_annual
BRB,2023,2023-09-01,2.1,2.4,1.5,2.6,4.3,2.4,1.8,inform_annual
BRB,2023,2023-10-01,2.1,2.4,1.5,2.6,4.3,2.4,1.8,inform_annual
BRB,2023,2023-11-01,2.1,2.4,1.5,2.6,4.3,2.4,1.8,inform_annual
BRB,2023,2023-12-01,2.1,2.4,1.5,2.6,4.3,2.4,1.8,inform_annual
BRB,2024,2024-01-01,2.1,2.4,1.6,2.5,4.3,2.4,1.8,inform_annual
BRB,2024,2024-02-01,2.1,2.4,1.6,2.5,4.3,2.4,1.8,inform_annual
BRB,2024,2024-03-01,2.1,2.4,1.6,2.5,4.3,2.4,1.8,inform_annual
BRB,2024,2024-04-01,2.1,2.4,1.6,2.5,4.3,2.4,1.8,inform_annual
BRB,2024,2024-05-01,2.1,2.4,1.6,2.5,4.3,2.4,1.8,inform_annual
BRB,2024,2024-06-01,2.1,2.4,1.6,2.5,4.3,2.4,1.8,inform_annual
BRB,2024,2024-07-01,2.1,2.4,1.6,2.5,4.3,2.4,1.8,inform_annual
BRB,2024,2024-08-01,2.1,2.4,1.6,2.5,4.3,2.4,1.8,inform_annual
BRB,2024,2024-09-01,2.1,2.4,1.6,2.5,4.3,2.4,1.8,inform_annual
BRB,2024,2024-10-01,2.1,2.4,1.6,2.5,4.3,2.4,1.8,inform_annual
BRB,2024,2024-11-01,2.1,2.4,1.6,2.5,4.3,2.4,1.8,inform_annual
BRB,2024,2024-12-01,2.1,2.4,1.6,2.5,4.3,2.4,1.8,inform_annual
COL,2019,2019-01-01,5.3,7.3,6.0,3.4,6.4,3.6,3.0,inform_annual
COL,2019,2019-02-01,5.3,7.3,6.0,3.4,6.4,3.6,3.0,inform_annual
COL,2019,2019-03-01,5.3,7.3,6.0,3.4,6.4,3.6,3.0,inform_annual
COL,2019,2019-04-01,5.3,7.3,6.0,3.4,6.4,3.6,3.0,inform_annual
COL,2019,2019-05-01,5.3,7.3,6.0,3.4,6.4,3.6,3.0,inform_annual
COL,2019,2019-06-01,5.3,7.3,6.0,3.4,6.4,3.6,3.0,inform_annual
COL,2019,2019-07-01,5.3,7.3,6.0,3.4,6.4,3.6,3.0,inform_annual
COL,2019,2019-08-01,5.3,7.3,6.0,3.4,6.4,3.6,3.0,inform_annual
COL,2019,2019-09-01,5.3,7.3,6.0,3.4,6.4,3.6,3.0,inform_annual
COL,2019,2019-10-01,5.3,7.3,6.0,3.4,6.4,3.6,3.0,inform_annual
COL,2019,2019-11-01,5.3,7.3,6.0,3.4,6.4,3.6,3.0,inform_annual
COL,2019,2019-12-01,5.3,7.3,6.0,3.4,6.4,3.6,3.0,inform_annual
COL,2020,2020-01-01,5.2,7.3,6.0,3.3,6.4,3.6,2.9,inform_annual
COL,2020,2020-02-01,5.2,7.3,6.0,3.3,6.4,3.6,2.9,inform_annual
COL,2020,2020-03-01,5.2,7.3,6.0,3.3,6.4,3.6,2.9,inform_annual
COL,2020,2020-04-01,5.2,7.3,6.0,3.3,6.4,3.6,2.9,inform_annual
COL,2020,2020-05-01,5.2,7.3,6.0,3.3,6.4,3.6,2.9,inform_annual
COL,2020,2020-06-01,5.2,7.3,6.0,3.3,6.4,3.6,2.9,inform_annual
COL,2020,2020-07-01,5.2,7.3,6.0,3.3,6.4,3.6,2.9,inform_annual
COL,2020,2020-08-01,5.2,7.3,6.0,3.3,6.4,3.6,2.9,inform_annual
COL,2020,2020-09-01,5.2,7.3,6.0,3.3,6.4,3.6,2.9,inform_annual
COL,2020,2020-10-01,5.2,7.3,6.0,3.3,6.4,3.6,2.9,inform_annual
COL,2020,2020-11-01,5.2,7.3,6.0,3.3,6.4,3.6,2.9,inform_annual
COL,2020,2020-12-01,5.2,7.3,6.0,3.3,6.4,3.6,2.9,inform_annual
COL,2021,2021-01-01,5.3,7.3,6.2,3.2,6.4,3.8,2.8,inform_annual
COL,2021,2021-02-01,5.3,7.3,6.2,3.2,6.4,3.8,2.8,inform_annual
COL,2021,2021-03-01,5.3,7.3,6.2,3.2,6.4,3.8,2.8,inform_annual
COL,2021,2021-04-01,5.3,7.3,6.2,3.2,6.4,3.8,2.8,inform_annual
COL,2021,2021-05-01,5.3,7.3,6.2,3.2,6.4,3.8,2.8,inform_annual
COL,2021,2021-06-01,5.3,7.3,6.2,3.2,6.4,3.8,2.8,inform_annual
COL,2021,2021-07-01,5.3,7.3,6.2,3.2,6.4,3.8,2.8,inform_annual
COL,2021,2021-08-01,5.3,7.3,6.2,3.2,6.4,3.8,2.8,inform_annual
COL,2021,2021-09-01,5.3,7.3,6.2,3.2,6.4,3.8,2.8,inform_annual
COL,2021,2021-10-01,5.3,7.3,6.2,3.2,6.4,3.8,2.8,inform_annual
COL,2021,2021-11-01,5.3,7.3,6.2,3.2,6.4,3.8,2.8,inform_annual
COL,2021,2021-12-01,5.3,7.3,6.2,3.2,6.4,3.8,2.8,inform_annual
COL,2022,2022-01-01,5.3,7.4,6.2,3.2,6.4,3.9,2.7,inform_annual
COL,2022,2022-02-01,5.3,7.4,6.2,3.2,6.4,3.9,2.7,inform_annual
COL,2022,2022-03-01,5.3,7.4,6.2,3.2,6.4,3.9,2.7,inform_annual
COL,2022,2022-04-01,5.3,7.4,6.2,3.2,6.4,3.9,2.7,inform_annual
COL,2022,2022-05-01,5.3,7.4,6.2,3.2,6.4,3.9,2.7,inform_annual
COL,2022,2022-06-01,5.3,7.4,6.2,3.2,6.4,3.9,2.7,inform_annual
COL,2022,2022-07-01,5.3,7.4,6.2,3.2,6.4,3.9,2.7,inform_annual
COL,2022,2022-08-01,5.3,7.4,6.2,3.2,6.4,3.9,2.7,inform_annual
COL,2022,2022-09-01,5.3,7.4,6.2,3.2,6.4,3.9,2.7,inform_annual
COL,2022,2022-10-01,5.3,7.4,6.2,3.2,6.4,3.9,2.7,inform_annual
COL,2022,2022-11-01,5.3,7.4,6.2,3.2,6.4,3.9,2.7,inform_annual
COL,2022,2022-12-01,5.3,7.4,6.2,3.2,6.4,3.9,2.7,inform_annual
COL,2023,2023-01-01,5.2,7.3,6.1,3.1,6.4,3.8,2.6,inform_annual
COL,2023,2023-02-01,5.2,7.3,6.1,3.1,6.4,3.8,2.6,inform_annual
COL,2023,2023-03-01,5.2,7.3,6.1,3.1,6.4,3.8,2.6,inform_annual
COL,2023,2023-04-01,5.2,7.3,6.1,3.1,6.4,3.8,2.6,inform_annual
COL,2023,2023-05-01,5.2,7.3,6.1,3.1,6.4,3.8,2.6,inform_annual
COL,2023,2023-06-01,5.2,7.3,6.1,3.1,6.4,3.8,2.6,inform_annual
COL,2023,2023-07-01,5.2,7.3,6.1,3.1,6.4,3.8,2.6,inform_annual
COL,2023,2023-08-01,5.2,7.3,6.1,3.1,6.4,3.8,2.6,inform_annual
COL,2023,2023-09-01,5.2,7.3,6.1,3.1,6.4,3.8,2.6,inform_annual
COL,2023,2023-10-01,5.2,7.3,6.1,3.1,6.4,3.8,2.6,inform_annual
COL,2023,2023-11-01,5.2,7.3,6.1,3.1,6.4,3.8,2.6,inform_annual
COL,2023,2023-12-01,5.2,7.3,6.1,3.1,6.4,3.8,2.6,inform_annual
COL,2024,2024-01-01,5.2,7.5,6.1,3.1,6.4,3.8,2.6,inform_annual
COL,2024,2024-02-01,5.2,7.5,6.1,3.1,6.4,3.8,2.6,inform_annual
COL,2024,2024-03-01,5.2,7.5,6.1,3.1,6.4,3.8,2.6,inform_annual
COL,2024,2024-04-01,5.2,7.5,6.1,3.1,6.4,3.8,2.6,inform_annual
COL,2024,2024-05-01,5.2,7.5,6.1,3.1,6.4,3.8,2.6,inform_annual
COL,2024,2024-06-01,5.2,7.5,6.1,3.1,6.4,3.8,2.6,inform_annual
COL,2024,2024-07-01,5.2,7.5,6.1,3.1,6.4,3.8,2.6,inform_annual
COL,2024,2024-08-01,5.2,7.5,6.1,3.1,6.4,3.8,2.6,inform_annual
COL,2024,2024-09-01,5.2,7.5,6.1,3.1,6.4,3.8,2.6,inform_annual
COL,2024,2024-10-01,5.2,7.5,6.1,3.1,6.4,3.8,2.6,inform_annual
COL,2024,2024-11-01,5.2,7.5,6.1,3.1,6.4,3.8,2.6,inform_annual
COL,2024,2024-12-01,5.2,7.5,6.1,3.1,6.4,3.8,2.6,inform_annual
CRI,2019,2019-01-01,2.7,3.3,2.8,2.2,5.4,2.0,1.9,inform_annual
CRI,2019,2019-02-01,2.7,3.3,2.8,2.2,5.4,2.0,1.9,inform_annual
CRI,2019,2019-03-01,2.7,3.3,2.8,2.2,5.4,2.0,1.9,inform_annual
CRI,2019,2019-04-01,2.7,3.3,2.8,2.2,5.4,2.0,1.9,inform_annual
CRI,2019,2019-05-01,2.7,3.3,2.8,2.2,5.4,2.0,1.9,inform_annual
CRI,2019,2019-06-01,2.7,3.3,2.8,2.2,5.4,2.0,1.9,inform_annual
CRI,2019,2019-07-01,2.7,3.3,2.8,2.2,5.4,2.0,1.9,inform_annual
CRI,2019,2019-08-01,2.7,3.3,2.8,2.2,5.4,2.0,1.9,inform_annual
CRI,2019,2019-09-01,2.7,3.3,2.8,2.2,5.4,2.0,1.9,inform_annual
CRI,2019,2019-10-01,2.7,3.3,2.8,2.2,5.4,2.0,1.9,inform_annual
CRI,2019,2019-11-01,2.7,3.3,2.8,2.2,5.4,2.0,1.9,inform_annual
CRI,2019,2019-12-01,2.7,3.3,2.8,2.2,5.4,2.0,1.9,inform_annual
CRI,2020,2020-01-01,2.9,3.3,3.4,2.2,5.4,2.0,1.9,inform_annual
CRI,2020,2020-02-01,2.9,3.3,3.4,2.2,5.4,2.0,1.9,inform_annual
CRI,2020,2020-03-01,2.9,3.3,3.4,2.2,5.4,2.0,1.9,inform_annual
CRI,2020,2020-04-01,2.9,3.3,3.4,2.2,5.4,2.0,1.9,inform_annual
CRI,2020,2020-05-01,2.9,3.3,3.4,2.2,5.4,2.0,1.9,inform_annual
CRI,2020,2020-06-01,2.9,3.3,3.4,2.2,5.4,2.0,1.9,inform_annual
CRI,2020,2020-07-01,2.9,3.3,3.4,2.2,5.4,2.0,1.9,inform_annual
CRI,2020,2020-08-01,2.9,3.3,3.4,2.2,5.4,2.0,1.9,inform_annual
CRI,2020,2020-09-01,2.9,3.3,3.4,2.2,5.4,2.0,1.9,inform_annual
CRI,2020,2020-10-01,2.9,3.3,3.4,2.2,5.4,2.0,1.9,inform_annual
CRI,2020,2020-11-01,2.9,3.3,3.4,2.2,5.4,2.0,1.9,inform_annual
CRI,2020,2020-12-01,2.9,3.3,3.4,2.2,5.4,2.0,1.9,inform_annual
CRI,2021,2021-01-01,3.0,3.3,3.5,2.3,5.4,2.0,1.9,inform_annual
CRI,2021,2021-02-01,3.0,3.3,3.5,2.3,5.4,2.0,1.9,inform_annual
CRI,2021,2021-03-01,3.0,3.3,3.5,2.3,5.4,2.0,1.9,inform_annual
CRI,2021,2021-04-01,3.0,3.3,3.5,2.3,5.4,2.0,1.9,inform_annual
CRI,2021,2021-05-01,3.0,3.3,3.5,2.3,5.4,2.0,1.9,inform_annual
CRI,2021,2021-06-01,3.0,3.3,3.5,2.3,5.4,2.0,1.9,inform_annual
CRI,2021,2021-07-01,3.0,3.3,3.5,2.3,5.4,2.0,1.9,inform_annual
CRI,2021,2021-08-01,3.0,3.3,3.5,2.3,5.4,2.0,1.9,inform_annual
CRI,2021,2021-09-01,3.0,3.3,3.5,2.3,5.4,2.0,1.9,inform_annual
CRI,2021,2021-10-01,3.0,3.3,3.5,2.3,5.4,2.0,1.9,inform_annual
CRI,2021,2021-11-01,3.0,3.3,3.5,2.3,5.4,2.0,1.9,inform_annual
CRI,2021,2021-12-01,3.0,3.3,3.5,2.3,5.4,2.0,1.9,inform_annual
CRI,2022,2022-01-01,3.1,3.3,4.0,2.3,5.4,2.0,2.0,inform_annual
CRI,2022,2022-02-01,3.1,3.3,4.0,2.3,5.4,2.0,2.0,inform_annual
CRI,2022,2022-03-01,3.1,3.3,4.0,2.3,5.4,2.0,2.0,inform_annual
CRI,2022,2022-04-01,3.1,3.3,4.0,2.3,5.4,2.0,2.0,inform_annual
CRI,2022,2022-05-01,3.1,3.3,4.0,2.3,5.4,2.0,2.0,inform_annual
CRI,2022,2022-06-01,3.1,3.3,4.0,2.3,5.4,2.0,2.0,inform_annual
CRI,2022,2022-07-01,3.1,3.3,4.0,2.3,5.4,2.0,2.0,inform_annual
CRI,2022,2022-08-01,3.1,3.3,4.0,2.3,5.4,2.0,2.0,inform_annual
CRI,2022,2022-09-01,3.1,3.3,4.0,2.3,5.4,2.0,2.0,inform_annual
CRI,2022,2022-10-01,3.1,3.3,4.0,2.3,5.4,2.0,2.0,inform_annual
CRI,2022,2022-11-01,3.1,3.3,4.0,2.3,5.4,2.0,2.0,inform_annual
CRI,2022,2022-12-01,3.1,3.3,4.0,2.3,5.4,2.0,2.0,inform_annual
CRI,2023,2023-01-01,3.3,3.3,4.7,2.3,5.4,2.1,1.9,inform_annual
CRI,2023,2023-02-01,3.3,3.3,4.7,2.3,5.4,2.1,1.9,inform_annual
CRI,2023,2023-03-01,3.3,3.3,4.7,2.3,5.4,2.1,1.9,inform_annual
CRI,2023,2023-04-01,3.3,3.3,4.7,2.3,5.4,2.1,1.9,inform_annual
CRI,2023,2023-05-01,3.3,3.3,4.7,2.3,5.4,2.1,1.9,inform_annual
CRI,2023,2023-06-01,3.3,3.3,4.7,2.3,5.4,2.1,1.9,inform_annual
CRI,2023,2023-07-01,3.3,3.3,4.7,2.3,5.4,2.1,1.9,inform_annual
CRI,2023,2023-08-01,3.3,3.3,4.7,2.3,5.4,2.1,1.9,inform_annual
CRI,2023,2023-09-01,3.3,3.3,4.7,2.3,5.4,2.1,1.9,inform_annual
CRI,2023,2023-10-01,3.3,3.3,4.7,2.3,5.4,2.1,1.9,inform_annual
CRI,2023,2023-11-01,3.3,3.3,4.7,2.3,5.4,2.1,1.9,inform_annual
CRI,2023,2023-12-01,3.3,3.3,4.7,2.3,5.4,2.1,1.9,inform_annual
CRI,2024,2024-01-01,3.2,3.3,4.4,2.2,5.4,2.2,1.8,inform_annual
CRI,2024,2024-02-01,3.2,3.3,4.4,2.2,5.4,2.2,1.8,inform_annual
CRI,2024,2024-03-01,3.2,3.3,4.4,2.2,5.4,2.2,1.8,inform_annual
CRI,2024,2024-04-01,3.2,3.3,4.4,2.2,5.4,2.2,1.8,inform_annual
CRI,2024,2024-05-01,3.2,3.3,4.4,2.2,5.4,2.2,1.8,inform_annual
CRI,2024,2024-06-01,3.2,3.3,4.4,2.2,5.4,2.2,1.8,inform_annual
CRI,2024,2024-07-01,3.2,3.3,4.4,2.2,5.4,2.2,1.8,inform_annual
CRI,2024,2024-08-01,3.2,3.3,4.4,2.2,5.4,2.2,1.8,inform_annual
CRI,2024,2024-09-01,3.2,3.3,4.4,2.2,5.4,2.2,1.8,inform_annual
CRI,2024,2024-10-01,3.2,3.3,4.4,2.2,5.4,2.2,1.8,inform_annual
CRI,2024,2024-11-01,3.2,3.3,4.4,2.2,5.4,2.2,1.8,inform_annual
CRI,2024,2024-12-01,3.2,3.3,4.4,2.2,5.4,2.2,1.8,inform_annual
CUB,2019,2019-01-01,3.4,3.5,2.9,3.8,4.9,2.9,1.8,inform_annual
CUB,2019,2019-02-01,3.4,3.5,2.9,3.8,4.9,2.9,1.8,inform_annual
CUB,2019,2019-03-01,3.4,3.5,2.9,3.8,4.9,2.9,1.8,inform_annual
CUB,2019,2019-04-01,3.4,3.5,2.9,3.8,4.9,2.9,1.8,inform_annual
CUB,2019,2019-05-01,3.4,3.5,2.9,3.8,4.9,2.9,1.8,inform_annual
CUB,2019,2019-06-01,3.4,3.5,2.9,3.8,4.9,2.9,1.8,inform_annual
CUB,2019,2019-07-01,3.4,3.5,2.9,3.8,4.9,2.9,1.8,inform_annual
CUB,2019,2019-08-01,3.4,3.5,2.9,3.8,4.9,2.9,1.8,inform_annual
CUB,2019,2019-09-01,3.4,3.5,2.9,3.8,4.9,2.9,1.8,inform_annual
CUB,2019,2019-10-01,3.4,3.5,2.9,3.8,4.9,2.9,1.8,inform_annual
CUB,2019,2019-11-01,3.4,3.5,2.9,3.8,4.9,2.9,1.8,inform_annual
CUB,2019,2019-12-01,3.4,3.5,2.9,3.8,4.9,2.9,1.8,inform_annual
CUB,2020,2020-01-01,3.3,3.5,2.8,3.8,4.9,2.6,1.8,inform_annual
CUB,2020,2020-02-01,3.3,3.5,2.8,3.8,4.9,2.6,1.8,inform_annual
CUB,2020,2020-03-01,3.3,3.5,2.8,3.8,4.9,2.6,1.8,inform_annual
CUB,2020,2020-04-01,3.3,3.5,2.8,3.8,4.9,2.6,1.8,inform_annual
CUB,2020,2020-05-01,3.3,3.5,2.8,3.8,4.9,2.6,1.8,inform_annual
CUB,2020,2020-06-01,3.3,3.5,2.8,3.8,4.9,2.6,1.8,inform_annual
CUB,2020,2020-07-01,3.3,3.5,2.8,3.8,4.9,2.6,1.8,inform_annual
CUB,2020,2020-08-01,3.3,3.5,2.8,3.8,4.9,2.6,1.8,inform_annual
CUB,2020,2020-09-01,3.3,3.5,2.8,3.8,4.9,2.6,1.8,inform_annual
CUB,2020,2020-10-01,3.3,3.5,2.8,3.8,4.9,2.6,1.8,inform_annual
CUB,2020,2020-11-01,3.3,3.5,2.8,3.8,4.9,2.6,1.8,inform_annual
CUB,2020,2020-12-01,3.3,3.5,2.8,3.8,4.9,2.6,1.8,inform_annual
CUB,2021,2021-01-01,2.7,3.5,1.5,3.8,4.9,2.5,1.7,inform_annual
CUB,2021,2021-02-01,2.7,3.5,1.5,3.8,4.9,2.5,1.7,inform_annual
CUB,2021,2021-03-01,2.7,3.5,1.5,3.8,4.9,2.5,1.7,inform_annual
CUB,2021,2021-04-01,2.7,3.5,1.5,3.8,4.9,2.5,1.7,inform_annual
CUB,2021,2021-05-01,2.7,3.5,1.5,3.8,4.9,2.5,1.7,inform_annual
CUB,2021,2021-06-01,2.7,3.5,1.5,3.8,4.9,2.5,1.7,inform_annual
CUB,2021,2021-07-01,2.7,3.5,1.5,3.8,4.9,2.5,1.7,inform_annual
CUB,2021,2021-08-01,2.7,3.5,1.5,3.8,4.9,2.5,1.7,inform_annual
CUB,2021,2021-09-01,2.7,3.5,1.5,3.8,4.9,2.5,1.7,inform_annual
CUB,2021,2021-10-01,2.7,3.5,1.5,3.8,4.9,2.5,1.7,inform_annual
CUB,2021,2021-11-01,2.7,3.5,1.5,3.8,4.9,2.5,1.7,inform_annual
CUB,2021,2021-12-01,2.7,3.5,1.5,3.8,4.9,2.5,1.7,inform_annual
CUB,2022,2022-01-01,2.7,3.5,1.5,3.8,4.9,2.5,1.5,inform_annual
CUB,2022,2022-02-01,2.7,3.5,1.5,3.8,4.9,2.5,1.5,inform_annual
CUB,2022,2022-03-01,2.7,3.5,1.5,3.8,4.9,2.5,1.5,inform_annual
CUB,2022,2022-04-01,2.7,3.5,1.5,3.8,4.9,2.5,1.5,inform_annual
CUB,2022,2022-05-01,2.7,3.5,1.5,3.8,4.9,2.5,1.5,inform_annual
CUB,2022,2022-06-01,2.7,3.5,1.5,3.8,4.9,2.5,1.5,inform_annual
CUB,2022,2022-07-01,2.7,3.5,1.5,3.8,4.9,2.5,1.5,inform_annual
CUB,2022,2022-08-01,2.7,3.5,1.5,3.8,4.9,2.5,1.5,inform_annual
CUB,2022,2022-09-01,2.7,3.5,1.5,3.8,4.9,2.5,1.5,inform_annual
CUB,2022,2022-10-01,2.7,3.5,1.5,3.8,4.9,2.5,1.5,inform_annual
CUB,2022,2022-11-01,2.7,3.5,1.5,3.8,4.9,2.5,1.5,inform_annual
CUB,2022,2022-12-01,2.7,3.5,1.5,3.8,4.9,2.5,1.5,inform_annual
CUB,2023,2023-01-01,3.3,3.5,2.6,3.8,4.9,2.3,1.5,inform_annual
CUB,2023,2023-02-01,3.3,3.5,2.6,3.8,4.9,2.3,1.5,inform_annual
CUB,2023,2023-03-01,3.3,3.5,2.6,3.8,4.9,2.3,1.5,inform_annual
CUB,2023,2023-04-01,3.3,3.5,2.6,3.8,4.9,2.3,1.5,inform_annual
CUB,2023,2023-05-01,3.3,3.5,2.6,3.8,4.9,2.3,1.5,inform_annual
CUB,2023,2023-06-01,3.3,3.5,2.6,3.8,4.9,2.3,1.5,inform_annual
CUB,2023,2023-07-01,3.3,3.5,2.6,3.8,4.9,2.3,1.5,inform_annual
CUB,2023,2023-08-01,3.3,3.5,2.6,3.8,4.9,2.3,1.5,inform_annual
CUB,2023,2023-09-01,3.3,3.5,2.6,3.8,4.9,2.3,1.5,inform_annual
CUB,2023,2023-10-01,3.3,3.5,2.6,3.8,4.9,2.3,1.5,inform_annual
CUB,2023,2023-11-01,3.3,3.5,2.6,3.8,4.9,2.3,1.5,inform_annual
CUB,2023,2023-12-01,3.3,3.5,2.6,3.8,4.9,2.3,1.5,inform_annual
CUB,2024,2024-01-01,3.3,3.5,2.6,4.0,4.9,2.2,1.5,inform_annual
CUB,2024,2024-02-01,3.3,3.5,2.6,4.0,4.9,2.2,1.5,inform_annual
CUB,2024,2024-03-01,3.3,3.5,2.6,4.0,4.9,2.2,1.5,inform_annual
CUB,2024,2024-04-01,3.3,3.5,2.6,4.0,4.9,2.2,1.5,inform_annual
CUB,2024,2024-05-01,3.3,3.5,2.6,4.0,4.9,2.2,1.5,inform_annual
CUB,2024,2024-06-01,3.3,3.5,2.6,4.0,4.9,2.2,1.5,inform_annual
CUB,2024,2024-07-01,3.3,3.5,2.6,4.0,4.9,2.2,1.5,inform_annual
CUB,2024,2024-08-01,3.3,3.5,2.6,4.0,4.9,2.2,1.5,inform_annual
CUB,2024,2024-09-01,3.3,3.5,2.6,4.0,4.9,2.2,1.5,inform_annual
CUB,2024,2024-10-01,3.3,3.5,2.6,4.0,4.9,2.2,1.5,inform_annual
CUB,2024,2024-11-01,3.3,3.5,2.6,4.0,4.9,2.2,1.5,inform_annual
CUB,2024,2024-12-01,3.3,3.5,2.6,4.0,4.9,2.2,1.5,inform_annual
DOM,2019,2019-01-01,4.4,4.5,3.7,5.0,6.8,3.4,3.3,inform_annual
DOM,2019,2019-02-01,4.4,4.5,3.7,5.0,6.8,3.4,3.3,inform_annual
DOM,2019,2019-03-01,4.4,4.5,3.7,5.0,6.8,3.4,3.3,inform_annual
DOM,2019,2019-04-01,4.4,4.5,3.7,5.0,6.8,3.4,3.3,inform_annual
DOM,2019,2019-05-01,4.4,4.5,3.7,5.0,6.8,3.4,3.3,inform_annual
DOM,2019,2019-06-01,4.4,4.5,3.7,5.0,6.8,3.4,3.3,inform_annual
DOM,2019,2019-07-01,4.4,4.5,3.7,5.0,6.8,3.4,3.3,inform_annual
DOM,2019,2019-08-01,4.4,4.5,3.7,5.0,6.8,3.4,3.3,inform_annual
DOM,2019,2019-09-01,4.4,4.5,3.7,5.0,6.8,3.4,3.3,inform_annual
DOM,2019,2019-10-01,4.4,4.5,3.7,5.0,6.8,3.4,3.3,inform_annual
DOM,2019,2019-11-01,4.4,4.5,3.7,5.0,6.8,3.4,3.3,inform_annual
DOM,2019,2019-12-01,4.4,4.5,3.7,5.0,6.8,3.4,3.3,inform_annual
DOM,2020,2020-01-01,4.2,4.5,3.2,5.0,6.8,3.1,3.1,inform_annual
DOM,2020,2020-02-01,4.2,4.5,3.2,5.0,6.8,3.1,3.1,inform_annual
DOM,2020,2020-03-01,4.2,4.5,3.2,5.0,6.8,3.1,3.1,inform_annual
DOM,2020,2020-04-01,4.2,4.5,3.2,5.0,6.8,3.1,3.1,inform_annual
DOM,2020,2020-05-01,4.2,4.5,3.2,5.0,6.8,3.1,3.1,inform_annual
DOM,2020,2020-06-01,4.2,4.5,3.2,5.0,6.8,3.1,3.1,inform_annual
DOM,2020,2020-07-01,4.2,4.5,3.2,5.0,6.8,3.1,3.1,inform_annual
DOM,2020,2020-08-01,4.2,4.5,3.2,5.0,6.8,3.1,3.1,inform_annual
DOM,2020,2020-09-01,4.2,4.5,3.2,5.0,6.8,3.1,3.1,inform_annual
DOM,2020,2020-10-01,4.2,4.5,3.2,5.0,6.8,3.1,3.1,inform_annual
DOM,2020,2020-11-01,4.2,4.5,3.2,5.0,6.8,3.1,3.1,inform_annual
DOM,2020,2020-12-01,4.2,4.5,3.2,5.0,6.8,3.1,3.1,inform_annual
DOM,2021,2021-01-01,4.3,4.4,3.7,4.9,6.7,3.2,3.0,inform_annual
DOM,2021,2021-02-01,4.3,4.4,3.7,4.9,6.7,3.2,3.0,inform_annual
DOM,2021,2021-03-01,4.3,4.4,3.7,4.9,6.7,3.2,3.0,inform_annual
DOM,2021,2021-04-01,4.3,4.4,3.7,4.9,6.7,3.2,3.0,inform_annual
DOM,2021,2021-05-01,4.3,4.4,3.7,4.9,6.7,3.2,3.0,inform_annual
DOM,2021,2021-06-01,4.3,4.4,3.7,4.9,6.7,3.2,3.0,inform_annual
DOM,2021,2021-07-01,4.3,4.4,3.7,4.9,6.7,3.2,3.0,inform_annual
DOM,2021,2021-08-01,4.3,4.4,3.7,4.9,6.7,3.2,3.0,inform_annual
DOM,2021,2021-09-01,4.3,4.4,3.7,4.9,6.7,3.2,3.0,inform_annual
DOM,2021,2021-10-01,4.3,4.4,3.7,4.9,6.7,3.2,3.0,inform_annual
DOM,2021,2021-11-01,4.3,4.4,3.7,4.9,6.7,3.2,3.0,inform_annual
DOM,2021,2021-12-01,4.3,4.4,3.7,4.9,6.7,3.2,3.0,inform_annual
DOM,2022,2022-01-01,4.2,4.5,3.7,4.6,6.8,3.2,2.8,inform_annual
DOM,2022,2022-02-01,4.2,4.5,3.7,4.6,6.8,3.2,2.8,inform_annual
DOM,2022,2022-03-01,4.2,4.5,3.7,4.6,6.8,3.2,2.8,inform_annual
DOM,2022,2022-04-01,4.2,4.5,3.7,4.6,6.8,3.2,2.8,inform_annual
DOM,2022,2022-05-01,4.2,4.5,3.7,4.6,6.8,3.2,2.8,inform_annual
DOM,2022,2022-06-01,4.2,4.5,3.7,4.6,6.8,3.2,2.8,inform_annual
DOM,2022,2022-07-01,4.2,4.5,3.7,4.6,6.8,3.2,2.8,inform_annual
DOM,2022,2022-08-01,4.2,4.5,3.7,4.6,6.8,3.2,2.8,inform_annual
DOM,2022,2022-09-01,4.2,4.5,3.7,4.6,6.8,3.2,2.8,inform_annual
DOM,2022,2022-10-01,4.2,4.5,3.7,4.6,6.8,3.2,2.8,inform_annual
DOM,2022,2022-11-01,4.2,4.5,3.7,4.6,6.8,3.2,2.8,inform_annual
DOM,2022,2022-12-01,4.2,4.5,3.7,4.6,6.8,3.2,2.8,inform_annual
DOM,2023,2023-01-01,4.6,4.5,4.6,4.6,6.8,3.1,2.8,inform_annual
DOM,2023,2023-02-01,4.6,4.5,4.6,4.6,6.8,3.1,2.8,inform_annual
DOM,2023,2023-03-01,4.6,4.5,4.6,4.6,6.8,3.1,2.8,inform_annual
DOM,2023,2023-04-01,4.6,4.5,4.6,4.6,6.8,3.1,2.8,inform_annual
DOM,2023,2023-05-01,4.6,4.5,4.6,4.6,6.8,3.1,2.8,inform_annual
DOM,2023,2023-06-01,4.6,4.5,4.6,4.6,6.8,3.1,2.8,inform_annual
DOM,2023,2023-07-01,4.6,4.5,4.6,4.6,6.8,3.1,2.8,inform_annual
DOM,2023,2023-08-01,4.6,4.5,4.6,4.6,6.8,3.1,2.8,inform_annual
DOM,2023,2023-09-01,4.6,4.5,4.6,4.6,6.8,3.1,2.8,inform_annual
DOM,2023,2023-10-01,4.6,4.5,4.6,4.6,6.8,3.1,2.8,inform_annual
DOM,2023,2023-11-01,4.6,4.5,4.6,4.6,6.8,3.1,2.8,inform_annual
DOM,2023,2023-12-01,4.6,4.5,4.6,4.6,6.8,3.1,2.8,inform_annual
DOM,2024,2024-01-01,4.5,4.6,4.7,4.3,6.8,3.0,2.8,inform_annual
DOM,2024,2024-02-01,4.5,4.6,4.7,4.3,6.8,3.0,2.8,inform_annual
DOM,2024,2024-03-01,4.5,4.6,4.7,4.3,6.8,3.0,2.8,inform_annual
DOM,2024,2024-04-01,4.5,4.6,4.7,4.3,6.8,3.0,2.8,inform_annual
DOM,2024,2024-05-01,4.5,4.6,4.7,4.3,6.8,3.0,2.8,inform_annual
DOM,2024,2024-06-01,4.5,4.6,4.7,4.3,6.8,3.0,2.8,inform_annual
DOM,2024,2024-07-01,4.5,4.6,4.7,4.3,6.8,3.0,2.8,inform_annual
DOM,2024,2024-08-01,4.5,4.6,4.7,4.3,6.8,3.0,2.8,inform_annual
DOM,2024,2024-09-01,4.5,4.6,4.7,4.3,6.8,3.0,2.8,inform_annual
DOM,2024,2024-10-01,4.5,4.6,4.7,4.3,6.8,3.0,2.8,inform_annual
DOM,2024,2024-11-01,4.5,4.6,4.7,4.3,6.8,3.0,2.8,inform_annual
DOM,2024,2024-12-01,4.5,4.6,4.7,4.3,6.8,3.0,2.8,inform_annual
GTM,2019,2019-01-01,5.1,4.1,6.3,5.0,5.9,5.5,4.4,inform_annual
GTM,2019,2019-02-01,5.1,4.1,6.3,5.0,5.9,5.5,4.4,inform_annual
GTM,2019,2019-03-01,5.1,4.1,6.3,5.0,5.9,5.5,4.4,inform_annual
GTM,2019,2019-04-01,5.1,4.1,6.3,5.0,5.9,5.5,4.4,inform_annual
GTM,2019,2019-05-01,5.1,4.1,6.3,5.0,5.9,5.5,4.4,inform_annual
GTM,2019,2019-06-01,5.1,4.1,6.3,5.0,5.9,5.5,4.4,inform_annual
GTM,2019,2019-07-01,5.1,4.1,6.3,5.0,5.9,5.5,4.4,inform_annual
GTM,2019,2019-08-01,5.1,4.1,6.3,5.0,5.9,5.5,4.4,inform_annual
GTM,2019,2019-09-01,5.1,4.1,6.3,5.0,5.9,5.5,4.4,inform_annual
GTM,2019,2019-10-01,5.1,4.1,6.3,5.0,5.9,5.5,4.4,inform_annual
GTM,2019,2019-11-01,5.1,4.1,6.3,5.0,5.9,5.5,4.4,inform_annual
GTM,2019,2019-12-01,5.1,4.1,6.3,5.0,5.9,5.5,4.4,inform_annual
GTM,2020,2020-01-01,5.0,4.1,6.1,5.0,5.9,5.4,4.4,inform_annual
GTM,2020,2020-02-01,5.0,4.1,6.1,5.0,5.9,5.4,4.4,inform_annual
GTM,2020,2020-03-01,5.0,4.1,6.1,5.0,5.9,5.4,4.4,inform_annual
GTM,2020,2020-04-01,5.0,4.1,6.1,5.0,5.9,5.4,4.4,inform_annual
GTM,2020,2020-05-01,5.0,4.1,6.1,5.0,5.9,5.4,4.4,inform_annual
GTM,2020,2020-06-01,5.0,4.1,6.1,5.0,5.9,5.4,4.4,inform_annual
GTM,2020,2020-07-01,5.0,4.1,6.1,5.0,5.9,5.4,4.4,inform_annual
GTM,2020,2020-08-01,5.0,4.1,6.1,5.0,5.9,5.4,4.4,inform_annual
GTM,2020,2020-09-01,5.0,4.1,6.1,5.0,5.9,5.4,4.4,inform_annual
GTM,2020,2020-10-01,5.0,4.1,6.1,5.0,5.9,5.4,4.4,inform_annual
GTM,2020,2020-11-01,5.0,4.1,6.1,5.0,5.9,5.4,4.4,inform_annual
GTM,2020,2020-12-01,5.0,4.1,6.1,5.0,5.9,5.4,4.4,inform_annual
GTM,2021,2021-01-01,5.0,4.1,6.2,4.9,5.9,5.5,4.2,inform_annual
GTM,2021,2021-02-01,5.0,4.1,6.2,4.9,5.9,5.5,4.2,inform_annual
GTM,2021,2021-03-01,5.0,4.1,6.2,4.9,5.9,5.5,4.2,inform_annual
GTM,2021,2021-04-01,5.0,4.1,6.2,4.9,5.9,5.5,4.2,inform_annual
GTM,2021,2021-05-01,5.0,4.1,6.2,4.9,5.9,5.5,4.2,inform_annual
GTM,2021,2021-06-01,5.0,4.1,6.2,4.9,5.9,5.5,4.2,inform_annual
GTM,2021,2021-07-01,5.0,4.1,6.2,4.9,5.9,5.5,4.2,inform_annual
GTM,2021,2021-08-01,5.0,4.1,6.2,4.9,5.9,5.5,4.2,inform_annual
GTM,2021,2021-09-01,5.0,4.1,6.2,4.9,5.9,5.5,4.2,inform_annual
GTM,2021,2021-10-01,5.0,4.1,6.2,4.9,5.9,5.5,4.2,inform_annual
GTM,2021,2021-11-01,5.0,4.1,6.2,4.9,5.9,5.5,4.2,inform_annual
GTM,2021,2021-12-01,5.0,4.1,6.2,4.9,5.9,5.5,4.2,inform_annual
GTM,2022,2022-01-01,5.0,4.1,6.1,5.0,5.9,5.6,4.1,inform_annual
GTM,2022,2022-02-01,5.0,4.1,6.1,5.0,5.9,5.6,4.1,inform_annual
GTM,2022,2022-03-01,5.0,4.1,6.1,5.0,5.9,5.6,4.1,inform_annual
GTM,2022,2022-04-01,5.0,4.1,6.1,5.0,5.9,5.6,4.1,inform_annual
GTM,2022,2022-05-01,5.0,4.1,6.1,5.0,5.9,5.6,4.1,inform_annual
GTM,2022,2022-06-01,5.0,4.1,6.1,5.0,5.9,5.6,4.1,inform_annual
GTM,2022,2022-07-01,5.0,4.1,6.1,5.0,5.9,5.6,4.1,inform_annual
GTM,2022,2022-08-01,5.0,4.1,6.1,5.0,5.9,5.6,4.1,inform_annual
GTM,2022,2022-09-01,5.0,4.1,6.1,5.0,5.9,5.6,4.1,inform_annual
GTM,2022,2022-10-01,5.0,4.1,6.1,5.0,5.9,5.6,4.1,inform_annual
GTM,2022,2022-11-01,5.0,4.1,6.1,5.0,5.9,5.6,4.1,inform_annual
GTM,2022,2022-12-01,5.0,4.1,6.1,5.0,5.9,5.6,4.1,inform_annual
GTM,2023,2023-01-01,5.1,4.3,6.3,5.0,5.8,5.6,4.1,inform_annual
GTM,2023,2023-02-01,5.1,4.3,6.3,5.0,5.8,5.6,4.1,inform_annual
GTM,2023,2023-03-01,5.1,4.3,6.3,5.0,5.8,5.6,4.1,inform_annual
GTM,2023,2023-04-01,5.1,4.3,6.3,5.0,5.8,5.6,4.1,inform_annual
GTM,2023,2023-05-01,5.1,4.3,6.3,5.0,5.8,5.6,4.1,inform_annual
GTM,2023,2023-06-01,5.1,4.3,6.3,5.0,5.8,5.6,4.1,inform_annual
GTM,2023,2023-07-01,5.1,4.3,6.3,5.0,5.8,5.6,4.1,inform_annual
GTM,2023,2023-08-01,5.1,4.3,6.3,5.0,5.8,5.6,4.1,inform_annual
GTM,2023,2023-09-01,5.1,4.3,6.3,5.0,5.8,5.6,4.1,inform_annual
GTM,2023,2023-10-01,5.1,4.3,6.3,5.0,5.8,5.6,4.1,inform_annual
GTM,2023,2023-11-01,5.1,4.3,6.3,5.0,5.8,5.6,4.1,inform_annual
GTM,2023,2023-12-01,5.1,4.3,6.3,5.0,5.8,5.6,4.1,inform_annual
GTM,2024,2024-01-01,5.1,4.1,6.3,5.0,5.8,5.6,4.1,inform_annual
GTM,2024,2024-02-01,5.1,4.1,6.3,5.0,5.8,5.6,4.1,inform_annual
GTM,2024,2024-03-01,5.1,4.1,6.3,5.0,5.8,5.6,4.1,inform_annual
GTM,2024,2024-04-01,5.1,4.1,6.3,5.0,5.8,5.6,4.1,inform_annual
GTM,2024,2024-05-01,5.1,4.1,6.3,5.0,5.8,5.6,4.1,inform_annual
GTM,2024,2024-06-01,5.1,4.1,6.3,5.0,5.8,5.6,4.1,inform_annual
GTM,2024,2024-07-01,5.1,4.1,6.3,5.0,5.8,5.6,4.1,inform_annual
GTM,2024,2024-08-01,5.1,4.1,6.3,5.0,5.8,5.6,4.1,inform_annual
GTM,2024,2024-09-01,5.1,4.1,6.3,5.0,5.8,5.6,4.1,inform_annual
GTM,2024,2024-10-01,5.1,4.1,6.3,5.0,5.8,5.6,4.1,inform_annual
GTM,2024,2024-11-01,5.1,4.1,6.3,5.0,5.8,5.6,4.1,inform_annual
GTM,2024,2024-12-01,5.1,4.1,6.3,5.0,5.8,5.6,4.1,inform_annual
GUY,2019,2019-01-01,4.1,3.0,4.5,5.1,4.6,4.1,4.0,inform_annual
GUY,2019,2019-02-01,4.1,3.0,4.5,5.1,4.6,4.1,4.0,inform_annual
GUY,2019,2019-03-01,4.1,3.0,4.5,5.1,4.6,4.1,4.0,inform_annual
GUY,2019,2019-04-01,4.1,3.0,4.5,5.1,4.6,4.1,4.0,inform_annual
GUY,2019,2019-05-01,4.1,3.0,4.5,5.1,4.6,4.1,4.0,inform_annual
GUY,2019,2019-06-01,4.1,3.0,4.5,5.1,4.6,4.1,4.0,inform_annual
GUY,2019,2019-07-01,4.1,3.0,4.5,5.1,4.6,4.1,4.0,inform_annual
GUY,2019,2019-08-01,4.1,3.0,4.5,5.1,4.6,4.1,4.0,inform_annual
GUY,2019,2019-09-01,4.1,3.0,4.5,5.1,4.6,4.1,4.0,inform_annual
GUY,2019,2019-10-01,4.1,3.0,4.5,5.1,4.6,4.1,4.0,inform_annual
GUY,2019,2019-11-01,4.1,3.0,4.5,5.1,4.6,4.1,4.0,inform_annual
GUY,2019,2019-12-01,4.1,3.0,4.5,5.1,4.6,4.1,4.0,inform_annual
GUY,2020,2020-01-01,3.9,2.9,4.0,5.0,4.5,3.8,3.7,inform_annual
GUY,2020,2020-02-01,3.9,2.9,4.0,5.0,4.5,3.8,3.7,inform_annual
GUY,2020,2020-03-01,3.9,2.9,4.0,5.0,4.5,3.8,3.7,inform_annual
GUY,2020,2020-04-01,3.9,2.9,4.0,5.0,4.5,3.8,3.7,inform_annual
GUY,2020,2020-05-01,3.9,2.9,4.0,5.0,4.5,3.8,3.7,inform_annual
GUY,2020,2020-06-01,3.9,2.9,4.0,5.0,4.5,3.8,3.7,inform_annual
GUY,2020,2020-07-01,3.9,2.9,4.0,5.0,4.5,3.8,3.7,inform_annual
GUY,2020,2020-08-01,3.9,2.9,4.0,5.0,4.5,3.8,3.7,inform_annual
GUY,2020,2020-09-01,3.9,2.9,4.0,5.0,4.5,3.8,3.7,inform_annual
GUY,2020,2020-10-01,3.9,2.9,4.0,5.0,4.5,3.8,3.7,inform_annual
GUY,2020,2020-11-01,3.9,2.9,4.0,5.0,4.5,3.8,3.7,inform_annual
GUY,2020,2020-12-01,3.9,2.9,4.0,5.0,4.5,3.8,3.7,inform_annual
GUY,2021,2021-01-01,3.9,2.9,4.1,4.9,4.5,3.9,3.5,inform_annual
GUY,2021,2021-02-01,3.9,2.9,4.1,4.9,4.5,3.9,3.5,inform_annual
GUY,2021,2021-03-01,3.9,2.9,4.1,4.9,4.5,3.9,3.5,inform_annual
GUY,2021,2021-04-01,3.9,2.9,4.1,4.9,4.5,3.9,3.5,inform_annual
GUY,2021,2021-05-01,3.9,2.9,4.1,4.9,4.5,3.9,3.5,inform_annual
GUY,2021,2021-06-01,3.9,2.9,4.1,4.9,4.5,3.9,3.5,inform_annual
GUY,2021,2021-07-01,3.9,2.9,4.1,4.9,4.5,3.9,3.5,inform_annual
GUY,2021,2021-08-01,3.9,2.9,4.1,4.9,4.5,3.9,3.5,inform_annual
GUY,2021,2021-09-01,3.9,2.9,4.1,4.9,4.5,3.9,3.5,inform_annual
GUY,2021,2021-10-01,3.9,2.9,4.1,4.9,4.5,3.9,3.5,inform_annual
GUY,2021,2021-11-01,3.9,2.9,4.1,4.9,4.5,3.9,3.5,inform_annual
GUY,2021,2021-12-01,3.9,2.9,4.1,4.9,4.5,3.9,3.5,inform_annual
GUY,2022,2022-01-01,4.1,3.2,4.3,4.9,4.6,3.8,3.5,inform_annual
GUY,2022,2022-02-01,4.1,3.2,4.3,4.9,4.6,3.8,3.5,inform_annual
GUY,2022,2022-03-01,4.1,3.2,4.3,4.9,4.6,3.8,3.5,inform_annual
GUY,2022,2022-04-01,4.1,3.2,4.3,4.9,4.6,3.8,3.5,inform_annual
GUY,2022,2022-05-01,4.1,3.2,4.3,4.9,4.6,3.8,3.5,inform_annual
GUY,2022,2022-06-01,4.1,3.2,4.3,4.9,4.6,3.8,3.5,inform_annual
GUY,2022,2022-07-01,4.1,3.2,4.3,4.9,4.6,3.8,3.5,inform_annual
GUY,2022,2022-08-01,4.1,3.2,4.3,4.9,4.6,3.8,3.5,inform_annual
GUY,2022,2022-09-01,4.1,3.2,4.3,4.9,4.6,3.8,3.5,inform_annual
GUY,2022,2022-10-01,4.1,3.2,4.3,4.9,4.6,3.8,3.5,inform_annual
GUY,2022,2022-11-01,4.1,3.2,4.3,4.9,4.6,3.8,3.5,inform_annual
GUY,2022,2022-12-01,4.1,3.2,4.3,4.9,4.6,3.8,3.5,inform_annual
GUY,2023,2023-01-01,3.9,3.2,3.8,4.9,4.6,3.6,3.3,inform_annual
GUY,2023,2023-02-01,3.9,3.2,3.8,4.9,4.6,3.6,3.3,inform_annual
GUY,2023,2023-03-01,3.9,3.2,3.8,4.9,4.6,3.6,3.3,inform_annual
GUY,2023,2023-04-01,3.9,3.2,3.8,4.9,4.6,3.6,3.3,inform_annual
GUY,2023,2023-05-01,3.9,3.2,3.8,4.9,4.6,3.6,3.3,inform_annual
GUY,2023,2023-06-01,3.9,3.2,3.8,4.9,4.6,3.6,3.3,inform_annual
GUY,2023,2023-07-01,3.9,3.2,3.8,4.9,4.6,3.6,3.3,inform_annual
GUY,2023,2023-08-01,3.9,3.2,3.8,4.9,4.6,3.6,3.3,inform_annual
GUY,2023,2023-09-01,3.9,3.2,3.8,4.9,4.6,3.6,3.3,inform_annual
GUY,2023,2023-10-01,3.9,3.2,3.8,4.9,4.6,3.6,3.3,inform_annual
GUY,2023,2023-11-01,3.9,3.2,3.8,4.9,4.6,3.6,3.3,inform_annual
GUY,2023,2023-12-01,3.9,3.2,3.8,4.9,4.6,3.6,3.3,inform_annual
GUY,2024,2024-01-01,3.9,3.1,4.0,4.9,4.5,3.9,3.3,inform_annual
GUY,2024,2024-02-01,3.9,3.1,4.0,4.9,4.5,3.9,3.3,inform_annual
GUY,2024,2024-03-01,3.9,3.1,4.0,4.9,4.5,3.9,3.3,inform_annual
GUY,2024,2024-04-01,3.9,3.1,4.0,4.9,4.5,3.9,3.3,inform_annual
GUY,2024,2024-05-01,3.9,3.1,4.0,4.9,4.5,3.9,3.3,inform_annual
GUY,2024,2024-06-01,3.9,3.1,4.0,4.9,4.5,3.9,3.3,inform_annual
GUY,2024,2024-07-01,3.9,3.1,4.0,4.9,4.5,3.9,3.3,inform_annual
GUY,2024,2024-08-01,3.9,3.1,4.0,4.9,4.5,3.9,3.3,inform_annual
GUY,2024,2024-09-01,3.9,3.1,4.0,4.9,4.5,3.9,3.3,inform_annual
GUY,2024,2024-10-01,3.9,3.1,4.0,4.9,4.5,3.9,3.3,inform_annual
GUY,2024,2024-11-01,3.9,3.1,4.0,4.9,4.5,3.9,3.3,inform_annual
GUY,2024,2024-12-01,3.9,3.1,4.0,4.9,4.5,3.9,3.3,inform_annual
HND,2019,2019-01-01,5.0,3.9,5.6,5.7,5.9,5.7,4.4,inform_annual
HND,2019,2019-02-01,5.0,3.9,5.6,5.7,5.9,5.7,4.4,inform_annual
HND,2019,2019-03-01,5.0,3.9,5.6,5.7,5.9,5.7,4.4,inform_annual
HND,2019,2019-04-01,5.0,3.9,5.6,5.7,5.9,5.7,4.4,inform_annual
HND,2019,2019-05-01,5.0,3.9,5.6,5.7,5.9,5.7,4.4,inform_annual
HND,2019,2019-06-01,5.0,3.9,5.6,5.7,5.9,5.7,4.4,inform_annual
HND,2019,2019-07-01,5.0,3.9,5.6,5.7,5.9,5.7,4.4,inform_annual
HND,2019,2019-08-01,5.0,3.9,5.6,5.7,5.9,5.7,4.4,inform_annual
HND,2019,2019-09-01,5.0,3.9,5.6,5.7,5.9,5.7,4.4,inform_annual
HND,2019,2019-10-01,5.0,3.9,5.6,5.7,5.9,5.7,4.4,inform_annual
HND,2019,2019-11-01,5.0,3.9,5.6,5.7,5.9,5.7,4.4,inform_annual
HND,2019,2019-12-01,5.0,3.9,5.6,5.7,5.9,5.7,4.4,inform_annual
HND,2020,2020-01-01,5.1,4.4,5.4,5.7,5.8,5.3,4.3,inform_annual
HND,2020,2020-02-01,5.1,4.4,5.4,5.7,5.8,5.3,4.3,inform_annual
HND,2020,2020-03-01,5.1,4.4,5.4,5.7,5.8,5.3,4.3,inform_annual
HND,2020,2020-04-01,5.1,4.4,5.4,5.7,5.8,5.3,4.3,inform_annual
HND,2020,2020-05-01,5.1,4.4,5.4,5.7,5.8,5.3,4.3,inform_annual
HND,2020,2020-06-01,5.1,4.4,5.4,5.7,5.8,5.3,4.3,inform_annual
HND,2020,2020-07-01,5.1,4.4,5.4,5.7,5.8,5.3,4.3,inform_annual
HND,2020,2020-08-01,5.1,4.4,5.4,5.7,5.8,5.3,4.3,inform_annual
HND,2020,2020-09-01,5.1,4.4,5.4,5.7,5.8,5.3,4.3,inform_annual
HND,2020,2020-10-01,5.1,4.4,5.4,5.7,5.8,5.3,4.3,inform_annual
HND,2020,2020-11-01,5.1,4.4,5.4,5.7,5.8,5.3,4.3,inform_annual
HND,2020,2020-12-01,5.1,4.4,5.4,5.7,5.8,5.3,4.3,inform_annual
HND,2021,2021-01-01,5.3,4.1,6.2,5.9,5.8,5.6,4.4,inform_annual
HND,2021,2021-02-01,5.3,4.1,6.2,5.9,5.8,5.6,4.4,inform_annual
HND,2021,2021-03-01,5.3,4.1,6.2,5.9,5.8,5.6,4.4,inform_annual
HND,2021,2021-04-01,5.3,4.1,6.2,5.9,5.8,5.6,4.4,inform_annual
HND,2021,2021-05-01,5.3,4.1,6.2,5.9,5.8,5.6,4.4,inform_annual
HND,2021,2021-06-01,5.3,4.1,6.2,5.9,5.8,5.6,4.4,inform_annual
HND,2021,2021-07-01,5.3,4.1,6.2,5.9,5.8,5.6,4.4,inform_annual
HND,2021,2021-08-01,5.3,4.1,6.2,5.9,5.8,5.6,4.4,inform_annual
HND,2021,2021-09-01,5.3,4.1,6.2,5.9,5.8,5.6,4.4,inform_annual
HND,2021,2021-10-01,5.3,4.1,6.2,5.9,5.8,5.6,4.4,inform_annual
HND,2021,2021-11-01,5.3,4.1,6.2,5.9,5.8,5.6,4.4,inform_annual
HND,2021,2021-12-01,5.3,4.1,6.2,5.9,5.8,5.6,4.4,inform_annual
HND,2022,2022-01-01,5.4,4.3,6.2,5.9,5.8,5.6,4.3,inform_annual
HND,2022,2022-02-01,5.4,4.3,6.2,5.9,5.8,5.6,4.3,inform_annual
HND,2022,2022-03-01,5.4,4.3,6.2,5.9,5.8,5.6,4.3,inform_annual
HND,2022,2022-04-01,5.4,4.3,6.2,5.9,5.8,5.6,4.3,inform_annual
HND,2022,2022-05-01,5.4,4.3,6.2,5.9,5.8,5.6,4.3,inform_annual
HND,2022,2022-06-01,5.4,4.3,6.2,5.9,5.8,5.6,4.3,inform_annual
HND,2022,2022-07-01,5.4,4.3,6.2,5.9,5.8,5.6,4.3,inform_annual
HND,2022,2022-08-01,5.4,4.3,6.2,5.9,5.8,5.6,4.3,inform_annual
HND,2022,2022-09-01,5.4,4.3,6.2,5.9,5.8,5.6,4.3,inform_annual
HND,2022,2022-10-01,5.4,4.3,6.2,5.9,5.8,5.6,4.3,inform_annual
HND,2022,2022-11-01,5.4,4.3,6.2,5.9,5.8,5.6,4.3,inform_annual
HND,2022,2022-12-01,5.4,4.3,6.2,5.9,5.8,5.6,4.3,inform_annual
HND,2023,2023-01-01,5.5,4.3,6.6,5.9,5.8,5.6,4.2,inform_annual
HND,2023,2023-02-01,5.5,4.3,6.6,5.9,5.8,5.6,4.2,inform_annual
HND,2023,2023-03-01,5.5,4.3,6.6,5.9,5.8,5.6,4.2,inform_annual
HND,2023,2023-04-01,5.5,4.3,6.6,5.9,5.8,5.6,4.2,inform_annual
HND,2023,2023-05-01,5.5,4.3,6.6,5.9,5.8,5.6,4.2,inform_annual
HND,2023,2023-06-01,5.5,4.3,6.6,5.9,5.8,5.6,4.2,inform_annual
HND,2023,2023-07-01,5.5,4.3,6.6,5.9,5.8,5.6,4.2,inform_annual
HND,2023,2023-08-01,5.5,4.3,6.6,5.9,5.8,5.6,4.2,inform_annual
HND,2023,2023-09-01,5.5,4.3,6.6,5.9,5.8,5.6,4.2,inform_annual
HND,2023,2023-10-01,5.5,4.3,6.6,5.9,5.8,5.6,4.2,inform_annual
HND,2023,2023-11-01,5.5,4.3,6.6,5.9,5.8,5.6,4.2,inform_annual
HND,2023,2023-12-01,5.5,4.3,6.6,5.9,5.8,5.6,4.2,inform_annual
HND,2024,2024-01-01,5.5,5.2,5.5,5.9,5.8,5.5,4.2,inform_annual
HND,2024,2024-02-01,5.5,5.2,5.5,5.9,5.8,5.5,4.2,inform_annual
HND,2024,2024-03-01,5.5,5.2,5.5,5.9,5.8,5.5,4.2,inform_annual
HND,2024,2024-04-01,5.5,5.2,5.5,5.9,5.8,5.5,4.2,inform_annual
HND,2024,2024-05-01,5.5,5.2,5.5,5.9,5.8,5.5,4.2,inform_annual
HND,2024,2024-06-01,5.5,5.2,5.5,5.9,5.8,5.5,4.2,inform_annual
HND,2024,2024-07-01,5.5,5.2,5.5,5.9,5.8,5.5,4.2,inform_annual
HND,2024,2024-08-01,5.5,5.2,5.5,5.9,5.8,5.5,4.2,inform_annual
HND,2024,2024-09-01,5.5,5.2,5.5,5.9,5.8,5.5,4.2,inform_annual
HND,2024,2024-10-01,5.5,5.2,5.5,5.9,5.8,5.5,4.2,inform_annual
HND,2024,2024-11-01,5.5,5.2,5.5,5.9,5.8,5.5,4.2,inform_annual
HND,2024,2024-12-01,5.5,5.2,5.5,5.9,5.8,5.5,4.2,inform_annual
HTI,2019,2019-01-01,6.1,5.2,6.1,7.2,6.3,6.7,6.5,inform_annual
HTI,2019,2019-02-01,6.1,5.2,6.1,7.2,6.3,6.7,6.5,inform_annual
HTI,2019,2019-03-01,6.1,5.2,6.1,7.2,6.3,6.7,6.5,inform_annual
HTI,2019,2019-04-01,6.1,5.2,6.1,7.2,6.3,6.7,6.5,inform_annual
HTI,2019,2019-05-01,6.1,5.2,6.1,7.2,6.3,6.7,6.5,inform_annual
HTI,2019,2019-06-01,6.1,5.2,6.1,7.2,6.3,6.7,6.5,inform_annual
HTI,2019,2019-07-01,6.1,5.2,6.1,7.2,6.3,6.7,6.5,inform_annual
HTI,2019,2019-08-01,6.1,5.2,6.1,7.2,6.3,6.7,6.5,inform_annual
HTI,2019,2019-09-01,6.1,5.2,6.1,7.2,6.3,6.7,6.5,inform_annual
HTI,2019,2019-10-01,6.1,5.2,6.1,7.2,6.3,6.7,6.5,inform_annual
HTI,2019,2019-11-01,6.1,5.2,6.1,7.2,6.3,6.7,6.5,inform_annual
HTI,2019,2019-12-01,6.1,5.2,6.1,7.2,6.3,6.7,6.5,inform_annual
HTI,2020,2020-01-01,5.7,4.8,5.2,7.3,6.3,6.6,6.5,inform_annual
HTI,2020,2020-02-01,5.7,4.8,5.2,7.3,6.3,6.6,6.5,inform_annual
HTI,2020,2020-03-01,5.7,4.8,5.2,7.3,6.3,6.6,6.5,inform_annual
HTI,2020,2020-04-01,5.7,4.8,5.2,7.3,6.3,6.6,6.5,inform_annual
HTI,2020,2020-05-01,5.7,4.8,5.2,7.3,6.3,6.6,6.5,inform_annual
HTI,2020,2020-06-01,5.7,4.8,5.2,7.3,6.3,6.6,6.5,inform_annual
HTI,2020,2020-07-01,5.7,4.8,5.2,7.3,6.3,6.6,6.5,inform_annual
HTI,2020,2020-08-01,5.7,4.8,5.2,7.3,6.3,6.6,6.5,inform_annual
HTI,2020,2020-09-01,5.7,4.8,5.2,7.3,6.3,6.6,6.5,inform_annual
HTI,2020,2020-10-01,5.7,4.8,5.2,7.3,6.3,6.6,6.5,inform_annual
HTI,2020,2020-11-01,5.7,4.8,5.2,7.3,6.3,6.6,6.5,inform_annual
HTI,2020,2020-12-01,5.7,4.8,5.2,7.3,6.3,6.6,6.5,inform_annual
HTI,2021,2021-01-01,6.3,6.1,5.6,7.2,6.3,6.8,6.4,inform_annual
HTI,2021,2021-02-01,6.3,6.1,5.6,7.2,6.3,6.8,6.4,inform_annual
HTI,2021,2021-03-01,6.3,6.1,5.6,7.2,6.3,6.8,6.4,inform_annual
HTI,2021,2021-04-01,6.3,6.1,5.6,7.2,6.3,6.8,6.4,inform_annual
HTI,2021,2021-05-01,6.3,6.1,5.6,7.2,6.3,6.8,6.4,inform_annual
HTI,2021,2021-06-01,6.3,6.1,5.6,7.2,6.3,6.8,6.4,inform_annual
HTI,2021,2021-07-01,6.3,6.1,5.6,7.2,6.3,6.8,6.4,inform_annual
HTI,2021,2021-08-01,6.3,6.1,5.6,7.2,6.3,6.8,6.4,inform_annual
HTI,2021,2021-09-01,6.3,6.1,5.6,7.2,6.3,6.8,6.4,inform_annual
HTI,2021,2021-10-01,6.3,6.1,5.6,7.2,6.3,6.8,6.4,inform_annual
HTI,2021,2021-11-01,6.3,6.1,5.6,7.2,6.3,6.8,6.4,inform_annual
HTI,2021,2021-12-01,6.3,6.1,5.6,7.2,6.3,6.8,6.4,inform_annual
HTI,2022,2022-01-01,6.5,6.5,5.9,7.2,6.3,6.6,6.4,inform_annual
HTI,2022,2022-02-01,6.5,6.5,5.9,7.2,6.3,6.6,6.4,inform_annual
HTI,2022,2022-03-01,6.5,6.5,5.9,7.2,6.3,6.6,6.4,inform_annual
HTI,2022,2022-04-01,6.5,6.5,5.9,7.2,6.3,6.6,6.4,inform_annual
HTI,2022,2022-05-01,6.5,6.5,5.9,7.2,6.3,6.6,6.4,inform_annual
HTI,2022,2022-06-01,6.5,6.5,5.9,7.2,6.3,6.6,6.4,inform_annual
HTI,2022,2022-07-01,6.5,6.5,5.9,7.2,6.3,6.6,6.4,inform_annual
HTI,2022,2022-08-01,6.5,6.5,5.9,7.2,6.3,6.6,6.4,inform_annual
HTI,2022,2022-09-01,6.5,6.5,5.9,7.2,6.3,6.6,6.4,inform_annual
HTI,2022,2022-10-01,6.5,6.5,5.9,7.2,6.3,6.6,6.4,inform_annual
HTI,2022,2022-11-01,6.5,6.5,5.9,7.2,6.3,6.6,6.4,inform_annual
HTI,2022,2022-12-01,6.5,6.5,5.9,7.2,6.3,6.6,6.4,inform_annual
HTI,2023,2023-01-01,6.8,6.8,6.4,7.2,6.3,6.6,6.3,inform_annual
HTI,2023,2023-02-01,6.8,6.8,6.4,7.2,6.3,6.6,6.3,inform_annual
HTI,2023,2023-03-01,6.8,6.8,6.4,7.2,6.3,6.6,6.3,inform_annual
HTI,2023,2023-04-01,6.8,6.8,6.4,7.2,6.3,6.6,6.3,inform_annual
HTI,2023,2023-05-01,6.8,6.8,6.4,7.2,6.3,6.6,6.3,inform_annual
HTI,2023,2023-06-01,6.8,6.8,6.4,7.2,6.3,6.6,6.3,inform_annual
HTI,2023,2023-07-01,6.8,6.8,6.4,7.2,6.3,6.6,6.3,inform_annual
HTI,2023,2023-08-01,6.8,6.8,6.4,7.2,6.3,6.6,6.3,inform_annual
HTI,2023,2023-09-01,6.8,6.8,6.4,7.2,6.3,6.6,6.3,inform_annual
HTI,2023,2023-10-01,6.8,6.8,6.4,7.2,6.3,6.6,6.3,inform_annual
HTI,2023,2023-11-01,6.8,6.8,6.4,7.2,6.3,6.6,6.3,inform_annual
HTI,2023,2023-12-01,6.8,6.8,6.4,7.2,6.3,6.6,6.3,inform_annual
HTI,2024,2024-01-01,7.0,7.2,6.7,7.2,6.3,6.6,6.3,inform_annual
HTI,2024,2024-02-01,7.0,7.2,6.7,7.2,6.3,6.6,6.3,inform_annual
HTI,2024,2024-03-01,7.0,7.2,6.7,7.2,6.3,6.6,6.3,inform_annual
HTI,2024,2024-04-01,7.0,7.2,6.7,7.2,6.3,6.6,6.3,inform_annual
HTI,2024,2024-05-01,7.0,7.2,6.7,7.2,6.3,6.6,6.3,inform_annual
HTI,2024,2024-06-01,7.0,7.2,6.7,7.2,6.3,6.6,6.3,inform_annual
HTI,2024,2024-07-01,7.0,7.2,6.7,7.2,6.3,6.6,6.3,inform_annual
HTI,2024,2024-08-01,7.0,7.2,6.7,7.2,6.3,6.6,6.3,inform_annual
HTI,2024,2024-09-01,7.0,7.2,6.7,7.2,6.3,6.6,6.3,inform_annual
HTI,2024,2024-10-01,7.0,7.2,6.7,7.2,6.3,6.6,6.3,inform_annual
HTI,2024,2024-11-01,7.0,7.2,6.7,7.2,6.3,6.6,6.3,inform_annual
HTI,2024,2024-12-01,7.0,7.2,6.7,7.2,6.3,6.6,6.3,inform_annual
JAM,2019,2019-01-01,2.9,3.1,2.2,3.6,5.0,3.4,3.1,inform_annual
JAM,2019,2019-02-01,2.9,3.1,2.2,3.6,5.0,3.4,3.1,inform_annual
JAM,2019,2019-03-01,2.9,3.1,2.2,3.6,5.0,3.4,3.1,inform_annual
JAM,2019,2019-04-01,2.9,3.1,2.2,3.6,5.0,3.4,3.1,inform_annual
JAM,2019,2019-05-01,2.9,3.1,2.2,3.6,5.0,3.4,3.1,inform_annual
JAM,2019,2019-06-01,2.9,3.1,2.2,3.6,5.0,3.4,3.1,inform_annual
JAM,2019,2019-07-01,2.9,3.1,2.2,3.6,5.0,3.4,3.1,inform_annual
JAM,2019,2019-08-01,2.9,3.1,2.2,3.6,5.0,3.4,3.1,inform_annual
JAM,2019,2019-09-01,2.9,3.1,2.2,3.6,5.0,3.4,3.1,inform_annual
JAM,2019,2019-10-01,2.9,3.1,2.2,3.6,5.0,3.4,3.1,inform_annual
JAM,2019,2019-11-01,2.9,3.1,2.2,3.6,5.0,3.4,3.1,inform_annual
JAM,2019,2019-12-01,2.9,3.1,2.2,3.6,5.0,3.4,3.1,inform_annual
JAM,2020,2020-01-01,2.9,3.1,2.2,3.6,5.0,3.5,3.0,inform_annual
JAM,2020,2020-02-01,2.9,3.1,2.2,3.6,5.0,3.5,3.0,inform_annual
JAM,2020,2020-03-01,2.9,3.1,2.2,3.6,5.0,3.5,3.0,inform_annual
JAM,2020,2020-04-01,2.9,3.1,2.2,3.6,5.0,3.5,3.0,inform_annual
JAM,2020,2020-05-01,2.9,3.1,2.2,3.6,5.0,3.5,3.0,inform_annual
JAM,2020,2020-06-01,2.9,3.1,2.2,3.6,5.0,3.5,3.0,inform_annual
JAM,2020,2020-07-01,2.9,3.1,2.2,3.6,5.0,3.5,3.0,inform_annual
JAM,2020,2020-08-01,2.9,3.1,2.2,3.6,5.0,3.5,3.0,inform_annual
JAM,2020,2020-09-01,2.9,3.1,2.2,3.6,5.0,3.5,3.0,inform_annual
JAM,2020,2020-10-01,2.9,3.1,2.2,3.6,5.0,3.5,3.0,inform_annual
JAM,2020,2020-11-01,2.9,3.1,2.2,3.6,5.0,3.5,3.0,inform_annual
JAM,2020,2020-12-01,2.9,3.1,2.2,3.6,5.0,3.5,3.0,inform_annual
JAM,2021,2021-01-01,2.9,3.1,2.3,3.6,5.0,3.7,3.0,inform_annual
JAM,2021,2021-02-01,2.9,3.1,2.3,3.6,5.0,3.7,3.0,inform_annual
JAM,2021,2021-03-01,2.9,3.1,2.3,3.6,5.0,3.7,3.0,inform_annual
JAM,2021,2021-04-01,2.9,3.1,2.3,3.6,5.0,3.7,3.0,inform_annual
JAM,2021,2021-05-01,2.9,3.1,2.3,3.6,5.0,3.7,3.0,inform_annual
JAM,2021,2021-06-01,2.9,3.1,2.3,3.6,5.0,3.7,3.0,inform_annual
JAM,2021,2021-07-01,2.9,3.1,2.3,3.6,5.0,3.7,3.0,inform_annual
JAM,2021,2021-08-01,2.9,3.1,2.3,3.6,5.0,3.7,3.0,inform_annual
JAM,2021,2021-09-01,2.9,3.1,2.3,3.6,5.0,3.7,3.0,inform_annual
JAM,2021,2021-10-01,2.9,3.1,2.3,3.6,5.0,3.7,3.0,inform_annual
JAM,2021,2021-11-01,2.9,3.1,2.3,3.6,5.0,3.7,3.0,inform_annual
JAM,2021,2021-12-01,2.9,3.1,2.3,3.6,5.0,3.7,3.0,inform_annual
JAM,2022,2022-01-01,3.0,3.1,2.4,3.6,5.0,3.9,3.0,inform_annual
JAM,2022,2022-02-01,3.0,3.1,2.4,3.6,5.0,3.9,3.0,inform_annual
JAM,2022,2022-03-01,3.0,3.1,2.4,3.6,5.0,3.9,3.0,inform_annual
JAM,2022,2022-04-01,3.0,3.1,2.4,3.6,5.0,3.9,3.0,inform_annual
JAM,2022,2022-05-01,3.0,3.1,2.4,3.6,5.0,3.9,3.0,inform_annual
JAM,2022,2022-06-01,3.0,3.1,2.4,3.6,5.0,3.9,3.0,inform_annual
JAM,2022,2022-07-01,3.0,3.1,2.4,3.6,5.0,3.9,3.0,inform_annual
JAM,2022,2022-08-01,3.0,3.1,2.4,3.6,5.0,3.9,3.0,inform_annual
JAM,2022,2022-09-01,3.0,3.1,2.4,3.6,5.0,3.9,3.0,inform_annual
JAM,2022,2022-10-01,3.0,3.1,2.4,3.6,5.0,3.9,3.0,inform_annual
JAM,2022,2022-11-01,3.0,3.1,2.4,3.6,5.0,3.9,3.0,inform_annual
JAM,2022,2022-12-01,3.0,3.1,2.4,3.6,5.0,3.9,3.0,inform_annual
JAM,2023,2023-01-01,2.9,3.1,2.3,3.5,5.0,3.8,2.9,inform_annual
JAM,2023,2023-02-01,2.9,3.1,2.3,3.5,5.0,3.8,2.9,inform_annual
JAM,2023,2023-03-01,2.9,3.1,2.3,3.5,5.0,3.8,2.9,inform_annual
JAM,2023,2023-04-01,2.9,3.1,2.3,3.5,5.0,3.8,2.9,inform_annual
JAM,2023,2023-05-01,2.9,3.1,2.3,3.5,5.0,3.8,2.9,inform_annual
JAM,2023,2023-06-01,2.9,3.1,2.3,3.5,5.0,3.8,2.9,inform_annual
JAM,2023,2023-07-01,2.9,3.1,2.3,3.5,5.0,3.8,2.9,inform_annual
JAM,2023,2023-08-01,2.9,3.1,2.3,3.5,5.0,3.8,2.9,inform_annual
JAM,2023,2023-09-01,2.9,3.1,2.3,3.5,5.0,3.8,2.9,inform_annual
JAM,2023,2023-10-01,2.9,3.1,2.3,3.5,5.0,3.8,2.9,inform_annual
JAM,2023,2023-11-01,2.9,3.1,2.3,3.5,5.0,3.8,2.9,inform_annual
JAM,2023,2023-12-01,2.9,3.1,2.3,3.5,5.0,3.8,2.9,inform_annual
JAM,2024,2024-01-01,2.9,3.1,2.3,3.6,5.0,3.7,2.9,inform_annual
JAM,2024,2024-02-01,2.9,3.1,2.3,3.6,5.0,3.7,2.9,inform_annual
JAM,2024,2024-03-01,2.9,3.1,2.3,3.6,5.0,3.7,2.9,inform_annual
JAM,2024,2024-04-01,2.9,3.1,2.3,3.6,5.0,3.7,2.9,inform_annual
JAM,2024,2024-05-01,2.9,3.1,2.3,3.6,5.0,3.7,2.9,inform_annual
JAM,2024,2024-06-01,2.9,3.1,2.3,3.6,5.0,3.7,2.9,inform_annual
JAM,2024,2024-07-01,2.9,3.1,2.3,3.6,5.0,3.7,2.9,inform_annual
JAM,2024,2024-08-01,2.9,3.1,2.3,3.6,5.0,3.7,2.9,inform_annual
JAM,2024,2024-09-01,2.9,3.1,2.3,3.6,5.0,3.7,2.9,inform_annual
JAM,2024,2024-10-01,2.9,3.1,2.3,3.6,5.0,3.7,2.9,inform_annual
JAM,2024,2024-11-01,2.9,3.1,2.3,3.6,5.0,3.7,2.9,inform_annual
JAM,2024,2024-12-01,2.9,3.1,2.3,3.6,5.0,3.7,2.9,inform_annual
NIC,2019,2019-01-01,4.4,3.8,3.8,6.0,5.8,5.1,4.5,inform_annual
NIC,2019,2019-02-01,4.4,3.8,3.8,6.0,5.8,5.1,4.5,inform_annual
NIC,2019,2019-03-01,4.4,3.8,3.8,6.0,5.8,5.1,4.5,inform_annual
NIC,2019,2019-04-01,4.4,3.8,3.8,6.0,5.8,5.1,4.5,inform_annual
NIC,2019,2019-05-01,4.4,3.8,3.8,6.0,5.8,5.1,4.5,inform_annual
NIC,2019,2019-06-01,4.4,3.8,3.8,6.0,5.8,5.1,4.5,inform_annual
NIC,2019,2019-07-01,4.4,3.8,3.8,6.0,5.8,5.1,4.5,inform_annual
NIC,2019,2019-08-01,4.4,3.8,3.8,6.0,5.8,5.1,4.5,inform_annual
NIC,2019,2019-09-01,4.4,3.8,3.8,6.0,5.8,5.1,4.5,inform_annual
NIC,2019,2019-10-01,4.4,3.8,3.8,6.0,5.8,5.1,4.5,inform_annual
NIC,2019,2019-11-01,4.4,3.8,3.8,6.0,5.8,5.1,4.5,inform_annual
NIC,2019,2019-12-01,4.4,3.8,3.8,6.0,5.8,5.1,4.5,inform_annual
NIC,2020,2020-01-01,4.6,4.3,3.7,6.1,5.8,5.1,4.6,inform_annual
NIC,2020,2020-02-01,4.6,4.3,3.7,6.1,5.8,5.1,4.6,inform_annual
NIC,2020,2020-03-01,4.6,4.3,3.7,6.1,5.8,5.1,4.6,inform_annual
NIC,2020,2020-04-01,4.6,4.3,3.7,6.1,5.8,5.1,4.6,inform_annual
NIC,2020,2020-05-01,4.6,4.3,3.7,6.1,5.8,5.1,4.6,inform_annual
NIC,2020,2020-06-01,4.6,4.3,3.7,6.1,5.8,5.1,4.6,inform_annual
NIC,2020,2020-07-01,4.6,4.3,3.7,6.1,5.8,5.1,4.6,inform_annual
NIC,2020,2020-08-01,4.6,4.3,3.7,6.1,5.8,5.1,4.6,inform_annual
NIC,2020,2020-09-01,4.6,4.3,3.7,6.1,5.8,5.1,4.6,inform_annual
NIC,2020,2020-10-01,4.6,4.3,3.7,6.1,5.8,5.1,4.6,inform_annual
NIC,2020,2020-11-01,4.6,4.3,3.7,6.1,5.8,5.1,4.6,inform_annual
NIC,2020,2020-12-01,4.6,4.3,3.7,6.1,5.8,5.1,4.6,inform_annual
NIC,2021,2021-01-01,4.9,4.3,4.6,6.0,5.8,5.2,4.5,inform_annual
NIC,2021,2021-02-01,4.9,4.3,4.6,6.0,5.8,5.2,4.5,inform_annual
NIC,2021,2021-03-01,4.9,4.3,4.6,6.0,5.8,5.2,4.5,inform_annual
NIC,2021,2021-04-01,4.9,4.3,4.6,6.0,5.8,5.2,4.5,inform_annual
NIC,2021,2021-05-01,4.9,4.3,4.6,6.0,5.8,5.2,4.5,inform_annual
NIC,2021,2021-06-01,4.9,4.3,4.6,6.0,5.8,5.2,4.5,inform_annual
NIC,2021,2021-07-01,4.9,4.3,4.6,6.0,5.8,5.2,4.5,inform_annual
NIC,2021,2021-08-01,4.9,4.3,4.6,6.0,5.8,5.2,4.5,inform_annual
NIC,2021,2021-09-01,4.9,4.3,4.6,6.0,5.8,5.2,4.5,inform_annual
NIC,2021,2021-10-01,4.9,4.3,4.6,6.0,5.8,5.2,4.5,inform_annual
NIC,2021,2021-11-01,4.9,4.3,4.6,6.0,5.8,5.2,4.5,inform_annual
NIC,2021,2021-12-01,4.9,4.3,4.6,6.0,5.8,5.2,4.5,inform_annual
NIC,2022,2022-01-01,4.8,4.3,4.2,6.2,5.8,5.3,4.6,inform_annual
NIC,2022,2022-02-01,4.8,4.3,4.2,6.2,5.8,5.3,4.6,inform_annual
NIC,2022,2022-03-01,4.8,4.3,4.2,6.2,5.8,5.3,4.6,inform_annual
NIC,2022,2022-04-01,4.8,4.3,4.2,6.2,5.8,5.3,4.6,inform_annual
NIC,2022,2022-05-01,4.8,4.3,4.2,6.2,5.8,5.3,4.6,inform_annual
NIC,2022,2022-06-01,4.8,4.3,4.2,6.2,5.8,5.3,4.6,inform_annual
NIC,2022,2022-07-01,4.8,4.3,4.2,6.2,5.8,5.3,4.6,inform_annual
NIC,2022,2022-08-01,4.8,4.3,4.2,6.2,5.8,5.3,4.6,inform_annual
NIC,2022,2022-09-01,4.8,4.3,4.2,6.2,5.8,5.3,4.6,inform_annual
NIC,2022,2022-10-01,4.8,4.3,4.2,6.2,5.8,5.3,4.6,inform_annual
NIC,2022,2022-11-01,4.8,4.3,4.2,6.2,5.8,5.3,4.6,inform_annual
NIC,2022,2022-12-01,4.8,4.3,4.2,6.2,5.8,5.3,4.6,inform_annual
NIC,2023,2023-01-01,4.8,4.3,4.2,6.3,5.8,5.6,4.4,inform_annual
NIC,2023,2023-02-01,4.8,4.3,4.2,6.3,5.8,5.6,4.4,inform_annual
NIC,2023,2023-03-01,4.8,4.3,4.2,6.3,5.8,5.6,4.4,inform_annual
NIC,2023,2023-04-01,4.8,4.3,4.2,6.3,5.8,5.6,4.4,inform_annual
NIC,2023,2023-05-01,4.8,4.3,4.2,6.3,5.8,5.6,4.4,inform_annual
NIC,2023,2023-06-01,4.8,4.3,4.2,6.3,5.8,5.6,4.4,inform_annual
NIC,2023,2023-07-01,4.8,4.3,4.2,6.3,5.8,5.6,4.4,inform_annual
NIC,2023,2023-08-01,4.8,4.3,4.2,6.3,5.8,5.6,4.4,inform_annual
NIC,2023,2023-09-01,4.8,4.3,4.2,6.3,5.8,5.6,4.4,inform_annual
NIC,2023,2023-10-01,4.8,4.3,4.2,6.3,5.8,5.6,4.4,inform_annual
NIC,2023,2023-11-01,4.8,4.3,4.2,6.3,5.8,5.6,4.4,inform_annual
NIC,2023,2023-12-01,4.8,4.3,4.2,6.3,5.8,5.6,4.4,inform_annual
NIC,2024,2024-01-01,4.9,4.3,4.2,6.4,5.8,5.9,4.4,inform_annual
NIC,2024,2024-02-01,4.9,4.3,4.2,6.4,5.8,5.9,4.4,inform_annual
NIC,2024,2024-03-01,4.9,4.3,4.2,6.4,5.8,5.9,4.4,inform_annual
NIC,2024,2024-04-01,4.9,4.3,4.2,6.4,5.8,5.9,4.4,inform_annual
NIC,2024,2024-05-01,4.9,4.3,4.2,6.4,5.8,5.9,4.4,inform_annual
NIC,2024,2024-06-01,4.9,4.3,4.2,6.4,5.8,5.9,4.4,inform_annual
NIC,2024,2024-07-01,4.9,4.3,4.2,6.4,5.8,5.9,4.4,inform_annual
NIC,2024,2024-08-01,4.9,4.3,4.2,6.4,5.8,5.9,4.4,inform_annual
NIC,2024,2024-09-01,4.9,4.3,4.2,6.4,5.8,5.9,4.4,inform_annual
NIC,2024,2024-10-01,4.9,4.3,4.2,6.4,5.8,5.9,4.4,inform_annual
NIC,2024,2024-11-01,4.9,4.3,4.2,6.4,5.8,5.9,4.4,inform_annual
NIC,2024,2024-12-01,4.9,4.3,4.2,6.4,5.8,5.9,4.4,inform_annual
PAN,2019,2019-01-01,4.0,3.1,3.6,5.6,5.1,2.4,2.8,inform_annual
PAN,2019,2019-02-01,4.0,3.1,3.6,5.6,5.1,2.4,2.8,inform_annual
PAN,2019,2019-03-01,4.0,3.1,3.6,5.6,5.1,2.4,2.8,inform_annual
PAN,2019,2019-04-01,4.0,3.1,3.6,5.6,5.1,2.4,2.8,inform_annual
PAN,2019,2019-05-01,4.0,3.1,3.6,5.6,5.1,2.4,2.8,inform_annual
PAN,2019,2019-06-01,4.0,3.1,3.6,5.6,5.1,2.4,2.8,inform_annual
PAN,2019,2019-07-01,4.0,3.1,3.6,5.6,5.1,2.4,2.8,inform_annual
PAN,2019,2019-08-01,4.0,3.1,3.6,5.6,5.1,2.4,2.8,inform_annual
PAN,2019,2019-09-01,4.0,3.1,3.6,5.6,5.1,2.4,2.8,inform_annual
PAN,2019,2019-10-01,4.0,3.1,3.6,5.6,5.1,2.4,2.8,inform_annual
PAN,2019,2019-11-01,4.0,3.1,3.6,5.6,5.1,2.4,2.8,inform_annual
PAN,2019,2019-12-01,4.0,3.1,3.6,5.6,5.1,2.4,2.8,inform_annual
PAN,2020,2020-01-01,4.0,3.2,3.7,5.4,5.2,2.3,2.6,inform_annual
PAN,2020,2020-02-01,4.0,3.2,3.7,5.4,5.2,2.3,2.6,inform_annual
PAN,2020,2020-03-01,4.0,3.2,3.7,5.4,5.2,2.3,2.6,inform_annual
PAN,2020,2020-04-01,4.0,3.2,3.7,5.4,5.2,2.3,2.6,inform_annual
PAN,2020,2020-05-01,4.0,3.2,3.7,5.4,5.2,2.3,2.6,inform_annual
PAN,2020,2020-06-01,4.0,3.2,3.7,5.4,5.2,2.3,2.6,inform_annual
PAN,2020,2020-07-01,4.0,3.2,3.7,5.4,5.2,2.3,2.6,inform_annual
PAN,2020,2020-08-01,4.0,3.2,3.7,5.4,5.2,2.3,2.6,inform_annual
PAN,2020,2020-09-01,4.0,3.2,3.7,5.4,5.2,2.3,2.6,inform_annual
PAN,2020,2020-10-01,4.0,3.2,3.7,5.4,5.2,2.3,2.6,inform_annual
PAN,2020,2020-11-01,4.0,3.2,3.7,5.4,5.2,2.3,2.6,inform_annual
PAN,2020,2020-12-01,4.0,3.2,3.7,5.4,5.2,2.3,2.6,inform_annual
PAN,2021,2021-01-01,4.1,3.3,3.7,5.5,5.1,2.4,2.8,inform_annual
PAN,2021,2021-02-01,4.1,3.3,3.7,5.5,5.1,2.4,2.8,inform_annual
PAN,2021,2021-03-01,4.1,3.3,3.7,5.5,5.1,2.4,2.8,inform_annual
PAN,2021,2021-04-01,4.1,3.3,3.7,5.5,5.1,2.4,2.8,inform_annual
PAN,2021,2021-05-01,4.1,3.3,3.7,5.5,5.1,2.4,2.8,inform_annual
PAN,2021,2021-06-01,4.1,3.3,3.7,5.5,5.1,2.4,2.8,inform_annual
PAN,2021,2021-07-01,4.1,3.3,3.7,5.5,5.1,2.4,2.8,inform_annual
PAN,2021,2021-08-01,4.1,3.3,3.7,5.5,5.1,2.4,2.8,inform_annual
PAN,2021,2021-09-01,4.1,3.3,3.7,5.5,5.1,2.4,2.8,inform_annual
PAN,2021,2021-10-01,4.1,3.3,3.7,5.5,5.1,2.4,2.8,inform_annual
PAN,2021,2021-11-01,4.1,3.3,3.7,5.5,5.1,2.4,2.8,inform_annual
PAN,2021,2021-12-01,4.1,3.3,3.7,5.5,5.1,2.4,2.8,inform_annual
PAN,2022,2022-01-01,4.1,3.3,3.9,5.4,5.1,2.5,2.6,inform_annual
PAN,2022,2022-02-01,4.1,3.3,3.9,5.4,5.1,2.5,2.6,inform_annual
PAN,2022,2022-03-01,4.1,3.3,3.9,5.4,5.1,2.5,2.6,inform_annual
PAN,2022,2022-04-01,4.1,3.3,3.9,5.4,5.1,2.5,2.6,inform_annual
PAN,2022,2022-05-01,4.1,3.3,3.9,5.4,5.1,2.5,2.6,inform_annual
PAN,2022,2022-06-01,4.1,3.3,3.9,5.4,5.1,2.5,2.6,inform_annual
PAN,2022,2022-07-01,4.1,3.3,3.9,5.4,5.1,2.5,2.6,inform_annual
PAN,2022,2022-08-01,4.1,3.3,3.9,5.4,5.1,2.5,2.6,inform_annual
PAN,2022,2022-09-01,4.1,3.3,3.9,5.4,5.1,2.5,2.6,inform_annual
PAN,2022,2022-10-01,4.1,3.3,3.9,5.4,5.1,2.5,2.6,inform_annual
PAN,2022,2022-11-01,4.1,3.3,3.9,5.4,5.1,2.5,2.6,inform_annual
PAN,2022,2022-12-01,4.1,3.3,3.9,5.4,5.1,2.5,2.6,inform_annual
PAN,2023,2023-01-01,4.5,3.3,4.9,5.5,5.1,2.4,2.5,inform_annual
PAN,2023,2023-02-01,4.5,3.3,4.9,5.5,5.1,2.4,2.5,inform_annual
PAN,2023,2023-03-01,4.5,3.3,4.9,5.5,5.1,2.4,2.5,inform_annual
PAN,2023,2023-04-01,4.5,3.3,4.9,5.5,5.1,2.4,2.5,inform_annual
PAN,2023,2023-05-01,4.5,3.3,4.9,5.5,5.1,2.4,2.5,inform_annual
PAN,2023,2023-06-01,4.5,3.3,4.9,5.5,5.1,2.4,2.5,inform_annual
PAN,2023,2023-07-01,4.5,3.3,4.9,5.5,5.1,2.4,2.5,inform_annual
PAN,2023,2023-08-01,4.5,3.3,4.9,5.5,5.1,2.4,2.5,inform_annual
PAN,2023,2023-09-01,4.5,3.3,4.9,5.5,5.1,2.4,2.5,inform_annual
PAN,2023,2023-10-01,4.5,3.3,4.9,5.5,5.1,2.4,2.5,inform_annual
PAN,2023,2023-11-01,4.5,3.3,4.9,5.5,5.1,2.4,2.5,inform_annual
PAN,2023,2023-12-01,4.5,3.3,4.9,5.5,5.1,2.4,2.5,inform_annual
PAN,2024,2024-01-01,4.1,3.3,3.8,5.5,5.1,2.3,2.5,inform_annual
PAN,2024,2024-02-01,4.1,3.3,3.8,5.5,5.1,2.3,2.5,inform_annual
PAN,2024,2024-03-01,4.1,3.3,3.8,5.5,5.1,2.3,2.5,inform_annual
PAN,2024,2024-04-01,4.1,3.3,3.8,5.5,5.1,2.3,2.5,inform_annual
PAN,2024,2024-05-01,4.1,3.3,3.8,5.5,5.1,2.3,2.5,inform_annual
PAN,2024,2024-06-01,4.1,3.3,3.8,5.5,5.1,2.3,2.5,inform_annual
PAN,2024,2024-07-01,4.1,3.3,3.8,5.5,5.1,2.3,2.5,inform_annual
PAN,2024,2024-08-01,4.1,3.3,3.8,5.5,5.1,2.3,2.5,inform_annual
PAN,2024,2024-09-01,4.1,3.3,3.8,5.5,5.1,2.3,2.5,inform_annual
PAN,2024,2024-10-01,4.1,3.3,3.8,5.5,5.1,2.3,2.5,inform_annual
PAN,2024,2024-11-01,4.1,3.3,3.8,5.5,5.1,2.3,2.5,inform_annual
PAN,2024,2024-12-01,4.1,3.3,3.8,5.5,5.1,2.3,2.5,inform_annual
SLV,2019,2019-01-01,3.7,3.7,3.7,3.8,5.6,4.3,2.7,inform_annual
SLV,2019,2019-02-01,3.7,3.7,3.7,3.8,5.6,4.3,2.7,inform_annual
SLV,2019,2019-03-01,3.7,3.7,3.7,3.8,5.6,4.3,2.7,inform_annual
SLV,2019,2019-04-01,3.7,3.7,3.7,3.8,5.6,4.3,2.7,inform_annual
SLV,2019,2019-05-01,3.7,3.7,3.7,3.8,5.6,4.3,2.7,inform_annual
SLV,2019,2019-06-01,3.7,3.7,3.7,3.8,5.6,4.3,2.7,inform_annual
SLV,2019,2019-07-01,3.7,3.7,3.7,3.8,5.6,4.3,2.7,inform_annual
SLV,2019,2019-08-01,3.7,3.7,3.7,3.8,5.6,4.3,2.7,inform_annual
SLV,2019,2019-09-01,3.7,3.7,3.7,3.8,5.6,4.3,2.7,inform_annual
SLV,2019,2019-10-01,3.7,3.7,3.7,3.8,5.6,4.3,2.7,inform_annual
SLV,2019,2019-11-01,3.7,3.7,3.7,3.8,5.6,4.3,2.7,inform_annual
SLV,2019,2019-12-01,3.7,3.7,3.7,3.8,5.6,4.3,2.7,inform_annual
SLV,2020,2020-01-01,3.7,3.7,3.6,3.7,5.6,4.4,2.6,inform_annual
SLV,2020,2020-02-01,3.7,3.7,3.6,3.7,5.6,4.4,2.6,inform_annual
SLV,2020,2020-03-01,3.7,3.7,3.6,3.7,5.6,4.4,2.6,inform_annual
SLV,2020,2020-04-01,3.7,3.7,3.6,3.7,5.6,4.4,2.6,inform_annual
SLV,2020,2020-05-01,3.7,3.7,3.6,3.7,5.6,4.4,2.6,inform_annual
SLV,2020,2020-06-01,3.7,3.7,3.6,3.7,5.6,4.4,2.6,inform_annual
SLV,2020,2020-07-01,3.7,3.7,3.6,3.7,5.6,4.4,2.6,inform_annual
SLV,2020,2020-08-01,3.7,3.7,3.6,3.7,5.6,4.4,2.6,inform_annual
SLV,2020,2020-09-01,3.7,3.7,3.6,3.7,5.6,4.4,2.6,inform_annual
SLV,2020,2020-10-01,3.7,3.7,3.6,3.7,5.6,4.4,2.6,inform_annual
SLV,2020,2020-11-01,3.7,3.7,3.6,3.7,5.6,4.4,2.6,inform_annual
SLV,2020,2020-12-01,3.7,3.7,3.6,3.7,5.6,4.4,2.6,inform_annual
SLV,2021,2021-01-01,3.6,3.7,3.3,3.7,5.6,4.5,2.8,inform_annual
SLV,2021,2021-02-01,3.6,3.7,3.3,3.7,5.6,4.5,2.8,inform_annual
SLV,2021,2021-03-01,3.6,3.7,3.3,3.7,5.6,4.5,2.8,inform_annual
SLV,2021,2021-04-01,3.6,3.7,3.3,3.7,5.6,4.5,2.8,inform_annual
SLV,2021,2021-05-01,3.6,3.7,3.3,3.7,5.6,4.5,2.8,inform_annual
SLV,2021,2021-06-01,3.6,3.7,3.3,3.7,5.6,4.5,2.8,inform_annual
SLV,2021,2021-07-01,3.6,3.7,3.3,3.7,5.6,4.5,2.8,inform_annual
SLV,2021,2021-08-01,3.6,3.7,3.3,3.7,5.6,4.5,2.8,inform_annual
SLV,2021,2021-09-01,3.6,3.7,3.3,3.7,5.6,4.5,2.8,inform_annual
SLV,2021,2021-10-01,3.6,3.7,3.3,3.7,5.6,4.5,2.8,inform_annual
SLV,2021,2021-11-01,3.6,3.7,3.3,3.7,5.6,4.5,2.8,inform_annual
SLV,2021,2021-12-01,3.6,3.7,3.3,3.7,5.6,4.5,2.8,inform_annual
SLV,2022,2022-01-01,3.5,3.7,3.3,3.6,5.6,4.6,2.5,inform_annual
SLV,2022,2022-02-01,3.5,3.7,3.3,3.6,5.6,4.6,2.5,inform_annual
SLV,2022,2022-03-01,3.5,3.7,3.3,3.6,5.6,4.6,2.5,inform_annual
SLV,2022,2022-04-01,3.5,3.7,3.3,3.6,5.6,4.6,2.5,inform_annual
SLV,2022,2022-05-01,3.5,3.7,3.3,3.6,5.6,4.6,2.5,inform_annual
SLV,2022,2022-06-01,3.5,3.7,3.3,3.6,5.6,4.6,2.5,inform_annual
SLV,2022,2022-07-01,3.5,3.7,3.3,3.6,5.6,4.6,2.5,inform_annual
SLV,2022,2022-08-01,3.5,3.7,3.3,3.6,5.6,4.6,2.5,inform_annual
SLV,2022,2022-09-01,3.5,3.7,3.3,3.6,5.6,4.6,2.5,inform_annual
SLV,2022,2022-10-01,3.5,3.7,3.3,3.6,5.6,4.6,2.5,inform_annual
SLV,2022,2022-11-01,3.5,3.7,3.3,3.6,5.6,4.6,2.5,inform_annual
SLV,2022,2022-12-01,3.5,3.7,3.3,3.6,5.6,4.6,2.5,inform_annual
SLV,2023,2023-01-01,4.1,4.2,4.2,3.8,5.6,4.6,2.8,inform_annual
SLV,2023,2023-02-01,4.1,4.2,4.2,3.8,5.6,4.6,2.8,inform_annual
SLV,2023,2023-03-01,4.1,4.2,4.2,3.8,5.6,4.6,2.8,inform_annual
SLV,2023,2023-04-01,4.1,4.2,4.2,3.8,5.6,4.6,2.8,inform_annual
SLV,2023,2023-05-01,4.1,4.2,4.2,3.8,5.6,4.6,2.8,inform_annual
SLV,2023,2023-06-01,4.1,4.2,4.2,3.8,5.6,4.6,2.8,inform_annual
SLV,2023,2023-07-01,4.1,4.2,4.2,3.8,5.6,4.6,2.8,inform_annual
SLV,2023,2023-08-01,4.1,4.2,4.2,3.8,5.6,4.6,2.8,inform_annual
SLV,2023,2023-09-01,4.1,4.2,4.2,3.8,5.6,4.6,2.8,inform_annual
SLV,2023,2023-10-01,4.1,4.2,4.2,3.8,5.6,4.6,2.8,inform_annual
SLV,2023,2023-11-01,4.1,4.2,4.2,3.8,5.6,4.6,2.8,inform_annual
SLV,2023,2023-12-01,4.1,4.2,4.2,3.8,5.6,4.6,2.8,inform_annual
SLV,2024,2024-01-01,4.1,3.9,4.9,3.7,5.6,4.7,2.8,inform_annual
SLV,2024,2024-02-01,4.1,3.9,4.9,3.7,5.6,4.7,2.8,inform_annual
SLV,2024,2024-03-01,4.1,3.9,4.9,3.7,5.6,4.7,2.8,inform_annual
SLV,2024,2024-04-01,4.1,3.9,4.9,3.7,5.6,4.7,2.8,inform_annual
SLV,2024,2024-05-01,4.1,3.9,4.9,3.7,5.6,4.7,2.8,inform_annual
SLV,2024,2024-06-01,4.1,3.9,4.9,3.7,5.6,4.7,2.8,inform_annual
SLV,2024,2024-07-01,4.1,3.9,4.9,3.7,5.6,4.7,2.8,inform_annual
SLV,2024,2024-08-01,4.1,3.9,4.9,3.7,5.6,4.7,2.8,inform_annual
SLV,2024,2024-09-01,4.1,3.9,4.9,3.7,5.6,4.7,2.8,inform_annual
SLV,2024,2024-10-01,4.1,3.9,4.9,3.7,5.6,4.7,2.8,inform_annual
SLV,2024,2024-11-01,4.1,3.9,4.9,3.7,5.6,4.7,2.8,inform_annual
SLV,2024,2024-12-01,4.1,3.9,4.9,3.7,5.6,4.7,2.8,inform_annual
SUR,2019,2019-01-01,3.0,2.0,2.6,5.1,3.5,3.5,3.9,inform_annual
SUR,2019,2019-02-01,3.0,2.0,2.6,5.1,3.5,3.5,3.9,inform_annual
SUR,2019,2019-03-01,3.0,2.0,2.6,5.1,3.5,3.5,3.9,inform_annual
SUR,2019,2019-04-01,3.0,2.0,2.6,5.1,3.5,3.5,3.9,inform_annual
SUR,2019,2019-05-01,3.0,2.0,2.6,5.1,3.5,3.5,3.9,inform_annual
SUR,2019,2019-06-01,3.0,2.0,2.6,5.1,3.5,3.5,3.9,inform_annual
SUR,2019,2019-07-01,3.0,2.0,2.6,5.1,3.5,3.5,3.9,inform_annual
SUR,2019,2019-08-01,3.0,2.0,2.6,5.1,3.5,3.5,3.9,inform_annual
SUR,2019,2019-09-01,3.0,2.0,2.6,5.1,3.5,3.5,3.9,inform_annual
SUR,2019,2019-10-01,3.0,2.0,2.6,5.1,3.5,3.5,3.9,inform_annual
SUR,2019,2019-11-01,3.0,2.0,2.6,5.1,3.5,3.5,3.9,inform_annual
SUR,2019,2019-12-01,3.0,2.0,2.6,5.1,3.5,3.5,3.9,inform_annual
SUR,2020,2020-01-01,3.0,2.0,2.8,5.0,3.5,3.5,3.7,inform_annual
SUR,2020,2020-02-01,3.0,2.0,2.8,5.0,3.5,3.5,3.7,inform_annual
SUR,2020,2020-03-01,3.0,2.0,2.8,5.0,3.5,3.5,3.7,inform_annual
SUR,2020,2020-04-01,3.0,2.0,2.8,5.0,3.5,3.5,3.7,inform_annual
SUR,2020,2020-05-01,3.0,2.0,2.8,5.0,3.5,3.5,3.7,inform_annual
SUR,2020,2020-06-01,3.0,2.0,2.8,5.0,3.5,3.5,3.7,inform_annual
SUR,2020,2020-07-01,3.0,2.0,2.8,5.0,3.5,3.5,3.7,inform_annual
SUR,2020,2020-08-01,3.0,2.0,2.8,5.0,3.5,3.5,3.7,inform_annual
SUR,2020,2020-09-01,3.0,2.0,2.8,5.0,3.5,3.5,3.7,inform_annual
SUR,2020,2020-10-01,3.0,2.0,2.8,5.0,3.5,3.5,3.7,inform_annual
SUR,2020,2020-11-01,3.0,2.0,2.8,5.0,3.5,3.5,3.7,inform_annual
SUR,2020,2020-12-01,3.0,2.0,2.8,5.0,3.5,3.5,3.7,inform_annual
SUR,2021,2021-01-01,3.1,2.0,2.9,5.2,3.5,3.6,3.9,inform_annual
SUR,2021,2021-02-01,3.1,2.0,2.9,5.2,3.5,3.6,3.9,inform_annual
SUR,2021,2021-03-01,3.1,2.0,2.9,5.2,3.5,3.6,3.9,inform_annual
SUR,2021,2021-04-01,3.1,2.0,2.9,5.2,3.5,3.6,3.9,inform_annual
SUR,2021,2021-05-01,3.1,2.0,2.9,5.2,3.5,3.6,3.9,inform_annual
SUR,2021,2021-06-01,3.1,2.0,2.9,5.2,3.5,3.6,3.9,inform_annual
SUR,2021,2021-07-01,3.1,2.0,2.9,5.2,3.5,3.6,3.9,inform_annual
SUR,2021,2021-08-01,3.1,2.0,2.9,5.2,3.5,3.6,3.9,inform_annual
SUR,2021,2021-09-01,3.1,2.0,2.9,5.2,3.5,3.6,3.9,inform_annual
SUR,2021,2021-10-01,3.1,2.0,2.9,5.2,3.5,3.6,3.9,inform_annual
SUR,2021,2021-11-01,3.1,2.0,2.9,5.2,3.5,3.6,3.9,inform_annual
SUR,2021,2021-12-01,3.1,2.0,2.9,5.2,3.5,3.6,3.9,inform_annual
SUR,2022,2022-01-01,3.2,2.0,3.1,5.1,3.5,3.7,3.6,inform_annual
SUR,2022,2022-02-01,3.2,2.0,3.1,5.1,3.5,3.7,3.6,inform_annual
SUR,2022,2022-03-01,3.2,2.0,3.1,5.1,3.5,3.7,3.6,inform_annual
SUR,2022,2022-04-01,3.2,2.0,3.1,5.1,3.5,3.7,3.6,inform_annual
SUR,2022,2022-05-01,3.2,2.0,3.1,5.1,3.5,3.7,3.6,inform_annual
SUR,2022,2022-06-01,3.2,2.0,3.1,5.1,3.5,3.7,3.6,inform_annual
SUR,2022,2022-07-01,3.2,2.0,3.1,5.1,3.5,3.7,3.6,inform_annual
SUR,2022,2022-08-01,3.2,2.0,3.1,5.1,3.5,3.7,3.6,inform_annual
SUR,2022,2022-09-01,3.2,2.0,3.1,5.1,3.5,3.7,3.6,inform_annual
SUR,2022,2022-10-01,3.2,2.0,3.1,5.1,3.5,3.7,3.6,inform_annual
SUR,2022,2022-11-01,3.2,2.0,3.1,5.1,3.5,3.7,3.6,inform_annual
SUR,2022,2022-12-01,3.2,2.0,3.1,5.1,3.5,3.7,3.6,inform_annual
SUR,2023,2023-01-01,3.2,2.0,3.1,5.1,3.5,3.5,3.4,inform_annual
SUR,2023,2023-02-01,3.2,2.0,3.1,5.1,3.5,3.5,3.4,inform_annual
SUR,2023,2023-03-01,3.2,2.0,3.1,5.1,3.5,3.5,3.4,inform_annual
SUR,2023,2023-04-01,3.2,2.0,3.1,5.1,3.5,3.5,3.4,inform_annual
SUR,2023,2023-05-01,3.2,2.0,3.1,5.1,3.5,3.5,3.4,inform_annual
SUR,2023,2023-06-01,3.2,2.0,3.1,5.1,3.5,3.5,3.4,inform_annual
SUR,2023,2023-07-01,3.2,2.0,3.1,5.1,3.5,3.5,3.4,inform_annual
SUR,2023,2023-08-01,3.2,2.0,3.1,5.1,3.5,3.5,3.4,inform_annual
SUR,2023,2023-09-01,3.2,2.0,3.1,5.1,3.5,3.5,3.4,inform_annual
SUR,2023,2023-10-01,3.2,2.0,3.1,5.1,3.5,3.5,3.4,inform_annual
SUR,2023,2023-11-01,3.2,2.0,3.1,5.1,3.5,3.5,3.4,inform_annual
SUR,2023,2023-12-01,3.2,2.0,3.1,5.1,3.5,3.5,3.4,inform_annual
SUR,2024,2024-01-01,3.1,1.9,3.0,5.1,3.4,3.6,3.4,inform_annual
SUR,2024,2024-02-01,3.1,1.9,3.0,5.1,3.4,3.6,3.4,inform_annual
SUR,2024,2024-03-01,3.1,1.9,3.0,5.1,3.4,3.6,3.4,inform_annual
SUR,2024,2024-04-01,3.1,1.9,3.0,5.1,3.4,3.6,3.4,inform_annual
SUR,2024,2024-05-01,3.1,1.9,3.0,5.1,3.4,3.6,3.4,inform_annual
SUR,2024,2024-06-01,3.1,1.9,3.0,5.1,3.4,3.6,3.4,inform_annual
SUR,2024,2024-07-01,3.1,1.9,3.0,5.1,3.4,3.6,3.4,inform_annual
SUR,2024,2024-08-01,3.1,1.9,3.0,5.1,3.4,3.6,3.4,inform_annual
SUR,2024,2024-09-01,3.1,1.9,3.0,5.1,3.4,3.6,3.4,inform_annual
SUR,2024,2024-10-01,3.1,1.9,3.0,5.1,3.4,3.6,3.4,inform_annual
SUR,2024,2024-11-01,3.1,1.9,3.0,5.1,3.4,3.6,3.4,inform_annual
SUR,2024,2024-12-01,3.1,1.9,3.0,5.1,3.4,3.6,3.4,inform_annual
TTO,2019,2019-01-01,3.2,2.4,4.2,3.4,3.9,1.8,1.3,inform_annual
TTO,2019,2019-02-01,3.2,2.4,4.2,3.4,3.9,1.8,1.3,inform_annual
TTO,2019,2019-03-01,3.2,2.4,4.2,3.4,3.9,1.8,1.3,inform_annual
TTO,2019,2019-04-01,3.2,2.4,4.2,3.4,3.9,1.8,1.3,inform_annual
TTO,2019,2019-05-01,3.2,2.4,4.2,3.4,3.9,1.8,1.3,inform_annual
TTO,2019,2019-06-01,3.2,2.4,4.2,3.4,3.9,1.8,1.3,inform_annual
TTO,2019,2019-07-01,3.2,2.4,4.2,3.4,3.9,1.8,1.3,inform_annual
TTO,2019,2019-08-01,3.2,2.4,4.2,3.4,3.9,1.8,1.3,inform_annual
TTO,2019,2019-09-01,3.2,2.4,4.2,3.4,3.9,1.8,1.3,inform_annual
TTO,2019,2019-10-01,3.2,2.4,4.2,3.4,3.9,1.8,1.3,inform_annual
TTO,2019,2019-11-01,3.2,2.4,4.2,3.4,3.9,1.8,1.3,inform_annual
TTO,2019,2019-12-01,3.2,2.4,4.2,3.4,3.9,1.8,1.3,inform_annual
TTO,2020,2020-01-01,3.0,2.4,3.1,3.5,3.9,1.8,1.2,inform_annual
TTO,2020,2020-02-01,3.0,2.4,3.1,3.5,3.9,1.8,1.2,inform_annual
TTO,2020,2020-03-01,3.0,2.4,3.1,3.5,3.9,1.8,1.2,inform_annual
TTO,2020,2020-04-01,3.0,2.4,3.1,3.5,3.9,1.8,1.2,inform_annual
TTO,2020,2020-05-01,3.0,2.4,3.1,3.5,3.9,1.8,1.2,inform_annual
TTO,2020,2020-06-01,3.0,2.4,3.1,3.5,3.9,1.8,1.2,inform_annual
TTO,2020,2020-07-01,3.0,2.4,3.1,3.5,3.9,1.8,1.2,inform_annual
TTO,2020,2020-08-01,3.0,2.4,3.1,3.5,3.9,1.8,1.2,inform_annual
TTO,2020,2020-09-01,3.0,2.4,3.1,3.5,3.9,1.8,1.2,inform_annual
TTO,2020,2020-10-01,3.0,2.4,3.1,3.5,3.9,1.8,1.2,inform_annual
TTO,2020,2020-11-01,3.0,2.4,3.1,3.5,3.9,1.8,1.2,inform_annual
TTO,2020,2020-12-01,3.0,2.4,3.1,3.5,3.9,1.8,1.2,inform_annual
TTO,2021,2021-01-01,2.9,2.4,3.0,3.5,3.9,1.8,1.2,inform_annual
TTO,2021,2021-02-01,2.9,2.4,3.0,3.5,3.9,1.8,1.2,inform_annual
TTO,2021,2021-03-01,2.9,2.4,3.0,3.5,3.9,1.8,1.2,inform_annual
TTO,2021,2021-04-01,2.9,2.4,3.0,3.5,3.9,1.8,1.2,inform_annual
TTO,2021,2021-05-01,2.9,2.4,3.0,3.5,3.9,1.8,1.2,inform_annual
TTO,2021,2021-06-01,2.9,2.4,3.0,3.5,3.9,1.8,1.2,inform_annual
TTO,2021,2021-07-01,2.9,2.4,3.0,3.5,3.9,1.8,1.2,inform_annual
TTO,2021,2021-08-01,2.9,2.4,3.0,3.5,3.9,1.8,1.2,inform_annual
TTO,2021,2021-09-01,2.9,2.4,3.0,3.5,3.9,1.8,1.2,inform_annual
TTO,2021,2021-10-01,2.9,2.4,3.0,3.5,3.9,1.8,1.2,inform_annual
TTO,2021,2021-11-01,2.9,2.4,3.0,3.5,3.9,1.8,1.2,inform_annual
TTO,2021,2021-12-01,2.9,2.4,3.0,3.5,3.9,1.8,1.2,inform_annual
TTO,2022,2022-01-01,2.9,2.4,3.0,3.4,3.9,1.8,1.3,inform_annual
TTO,2022,2022-02-01,2.9,2.4,3.0,3.4,3.9,1.8,1.3,inform_annual
TTO,2022,2022-03-01,2.9,2.4,3.0,3.4,3.9,1.8,1.3,inform_annual
TTO,2022,2022-04-01,2.9,2.4,3.0,3.4,3.9,1.8,1.3,inform_annual
TTO,2022,2022-05-01,2.9,2.4,3.0,3.4,3.9,1.8,1.3,inform_annual
TTO,2022,2022-06-01,2.9,2.4,3.0,3.4,3.9,1.8,1.3,inform_annual
TTO,2022,2022-07-01,2.9,2.4,3.0,3.4,3.9,1.8,1.3,inform_annual
TTO,2022,2022-08-01,2.9,2.4,3.0,3.4,3.9,1.8,1.3,inform_annual
TTO,2022,2022-09-01,2.9,2.4,3.0,3.4,3.9,1.8,1.3,inform_annual
TTO,2022,2022-10-01,2.9,2.4,3.0,3.4,3.9,1.8,1.3,inform_annual
TTO,2022,2022-11-01,2.9,2.4,3.0,3.4,3.9,1.8,1.3,inform_annual
TTO,2022,2022-12-01,2.9,2.4,3.0,3.4,3.9,1.8,1.3,inform_annual
TTO,2023,2023-01-01,3.1,2.4,3.5,3.5,3.9,1.7,1.3,inform_annual
TTO,2023,2023-02-01,3.1,2.4,3.5,3.5,3.9,1.7,1.3,inform_annual
TTO,2023,2023-03-01,3.1,2.4,3.5,3.5,3.9,1.7,1.3,inform_annual
TTO,2023,2023-04-01,3.1,2.4,3.5,3.5,3.9,1.7,1.3,inform_annual
TTO,2023,2023-05-01,3.1,2.4,3.5,3.5,3.9,1.7,1.3,inform_annual
TTO,2023,2023-06-01,3.1,2.4,3.5,3.5,3.9,1.7,1.3,inform_annual
TTO,2023,2023-07-01,3.1,2.4,3.5,3.5,3.9,1.7,1.3,inform_annual
TTO,2023,2023-08-01,3.1,2.4,3.5,3.5,3.9,1.7,1.3,inform_annual
TTO,2023,2023-09-01,3.1,2.4,3.5,3.5,3.9,1.7,1.3,inform_annual
TTO,2023,2023-10-01,3.1,2.4,3.5,3.5,3.9,1.7,1.3,inform_annual
TTO,2023,2023-11-01,3.1,2.4,3.5,3.5,3.9,1.7,1.3,inform_annual
TTO,2023,2023-12-01,3.1,2.4,3.5,3.5,3.9,1.7,1.3,inform_annual
TTO,2024,2024-01-01,3.0,2.4,3.3,3.5,3.9,1.7,1.3,inform_annual
TTO,2024,2024-02-01,3.0,2.4,3.3,3.5,3.9,1.7,1.3,inform_annual
TTO,2024,2024-03-01,3.0,2.4,3.3,3.5,3.9,1.7,1.3,inform_annual
TTO,2024,2024-04-01,3.0,2.4,3.3,3.5,3.9,1.7,1.3,inform_annual
TTO,2024,2024-05-01,3.0,2.4,3.3,3.5,3.9,1.7,1.3,inform_annual
TTO,2024,2024-06-01,3.0,2.4,3.3,3.5,3.9,1.7,1.3,inform_annual
TTO,2024,2024-07-01,3.0,2.4,3.3,3.5,3.9,1.7,1.3,inform_annual
TTO,2024,2024-08-01,3.0,2.4,3.3,3.5,3.9,1.7,1.3,inform_annual
TTO,2024,2024-09-01,3.0,2.4,3.3,3.5,3.9,1.7,1.3,inform_annual
TTO,2024,2024-10-01,3.0,2.4,3.3,3.5,3.9,1.7,1.3,inform_annual
TTO,2024,2024-11-01,3.0,2.4,3.3,3.5,3.9,1.7,1.3,inform_annual
TTO,2024,2024-12-01,3.0,2.4,3.3,3.5,3.9,1.7,1.3,inform_annual
VEN,2019,2019-01-01,5.5,6.9,3.6,6.6,5.8,3.3,4.0,inform_annual
VEN,2019,2019-02-01,5.5,6.9,3.6,6.6,5.8,3.3,4.0,inform_annual
VEN,2019,2019-03-01,5.5,6.9,3.6,6.6,5.8,3.3,4.0,inform_annual
VEN,2019,2019-04-01,5.5,6.9,3.6,6.6,5.8,3.3,4.0,inform_annual
VEN,2019,2019-05-01,5.5,6.9,3.6,6.6,5.8,3.3,4.0,inform_annual
VEN,2019,2019-06-01,5.5,6.9,3.6,6.6,5.8,3.3,4.0,inform_annual
VEN,2019,2019-07-01,5.5,6.9,3.6,6.6,5.8,3.3,4.0,inform_annual
VEN,2019,2019-08-01,5.5,6.9,3.6,6.6,5.8,3.3,4.0,inform_annual
VEN,2019,2019-09-01,5.5,6.9,3.6,6.6,5.8,3.3,4.0,inform_annual
VEN,2019,2019-10-01,5.5,6.9,3.6,6.6,5.8,3.3,4.0,inform_annual
VEN,2019,2019-11-01,5.5,6.9,3.6,6.6,5.8,3.3,4.0,inform_annual
VEN,2019,2019-12-01,5.5,6.9,3.6,6.6,5.8,3.3,4.0,inform_annual
VEN,2020,2020-01-01,6.1,6.8,4.9,6.8,5.9,3.5,4.4,inform_annual
VEN,2020,2020-02-01,6.1,6.8,4.9,6.8,5.9,3.5,4.4,inform_annual
VEN,2020,2020-03-01,6.1,6.8,4.9,6.8,5.9,3.5,4.4,inform_annual
VEN,2020,2020-04-01,6.1,6.8,4.9,6.8,5.9,3.5,4.4,inform_annual
VEN,2020,2020-05-01,6.1,6.8,4.9,6.8,5.9,3.5,4.4,inform_annual
VEN,2020,2020-06-01,6.1,6.8,4.9,6.8,5.9,3.5,4.4,inform_annual
VEN,2020,2020-07-01,6.1,6.8,4.9,6.8,5.9,3.5,4.4,inform_annual
VEN,2020,2020-08-01,6.1,6.8,4.9,6.8,5.9,3.5,4.4,inform_annual
VEN,2020,2020-09-01,6.1,6.8,4.9,6.8,5.9,3.5,4.4,inform_annual
VEN,2020,2020-10-01,6.1,6.8,4.9,6.8,5.9,3.5,4.4,inform_annual
VEN,2020,2020-11-01,6.1,6.8,4.9,6.8,5.9,3.5,4.4,inform_annual
VEN,2020,2020-12-01,6.1,6.8,4.9,6.8,5.9,3.5,4.4,inform_annual
VEN,2021,2021-01-01,6.1,5.5,5.7,7.1,5.9,4.0,4.5,inform_annual
VEN,2021,2021-02-01,6.1,5.5,5.7,7.1,5.9,4.0,4.5,inform_annual
VEN,2021,2021-03-01,6.1,5.5,5.7,7.1,5.9,4.0,4.5,inform_annual
VEN,2021,2021-04-01,6.1,5.5,5.7,7.1,5.9,4.0,4.5,inform_annual
VEN,2021,2021-05-01,6.1,5.5,5.7,7.1,5.9,4.0,4.5,inform_annual
VEN,2021,2021-06-01,6.1,5.5,5.7,7.1,5.9,4.0,4.5,inform_annual
VEN,2021,2021-07-01,6.1,5.5,5.7,7.1,5.9,4.0,4.5,inform_annual
VEN,2021,2021-08-01,6.1,5.5,5.7,7.1,5.9,4.0,4.5,inform_annual
VEN,2021,2021-09-01,6.1,5.5,5.7,7.1,5.9,4.0,4.5,inform_annual
VEN,2021,2021-10-01,6.1,5.5,5.7,7.1,5.9,4.0,4.5,inform_annual
VEN,2021,2021-11-01,6.1,5.5,5.7,7.1,5.9,4.0,4.5,inform_annual
VEN,2021,2021-12-01,6.1,5.5,5.7,7.1,5.9,4.0,4.5,inform_annual
VEN,2022,2022-01-01,6.2,5.4,6.1,7.1,5.9,4.1,4.5,inform_annual
VEN,2022,2022-02-01,6.2,5.4,6.1,7.1,5.9,4.1,4.5,inform_annual
VEN,2022,2022-03-01,6.2,5.4,6.1,7.1,5.9,4.1,4.5,inform_annual
VEN,2022,2022-04-01,6.2,5.4,6.1,7.1,5.9,4.1,4.5,inform_annual
VEN,2022,2022-05-01,6.2,5.4,6.1,7.1,5.9,4.1,4.5,inform_annual
VEN,2022,2022-06-01,6.2,5.4,6.1,7.1,5.9,4.1,4.5,inform_annual
VEN,2022,2022-07-01,6.2,5.4,6.1,7.1,5.9,4.1,4.5,inform_annual
VEN,2022,2022-08-01,6.2,5.4,6.1,7.1,5.9,4.1,4.5,inform_annual
VEN,2022,2022-09-01,6.2,5.4,6.1,7.1,5.9,4.1,4.5,inform_annual
VEN,2022,2022-10-01,6.2,5.4,6.1,7.1,5.9,4.1,4.5,inform_annual
VEN,2022,2022-11-01,6.2,5.4,6.1,7.1,5.9,4.1,4.5,inform_annual
VEN,2022,2022-12-01,6.2,5.4,6.1,7.1,5.9,4.1,4.5,inform_annual
VEN,2023,2023-01-01,6.5,5.9,6.6,6.9,5.9,4.0,4.4,inform_annual
VEN,2023,2023-02-01,6.5,5.9,6.6,6.9,5.9,4.0,4.4,inform_annual
VEN,2023,2023-03-01,6.5,5.9,6.6,6.9,5.9,4.0,4.4,inform_annual
VEN,2023,2023-04-01,6.5,5.9,6.6,6.9,5.9,4.0,4.4,inform_annual
VEN,2023,2023-05-01,6.5,5.9,6.6,6.9,5.9,4.0,4.4,inform_annual
VEN,2023,2023-06-01,6.5,5.9,6.6,6.9,5.9,4.0,4.4,inform_annual
VEN,2023,2023-07-01,6.5,5.9,6.6,6.9,5.9,4.0,4.4,inform_annual
VEN,2023,2023-08-01,6.5,5.9,6.6,6.9,5.9,4.0,4.4,inform_annual
VEN,2023,2023-09-01,6.5,5.9,6.6,6.9,5.9,4.0,4.4,inform_annual
VEN,2023,2023-10-01,6.5,5.9,6.6,6.9,5.9,4.0,4.4,inform_annual
VEN,2023,2023-11-01,6.5,5.9,6.6,6.9,5.9,4.0,4.4,inform_annual
VEN,2023,2023-12-01,6.5,5.9,6.6,6.9,5.9,4.0,4.4,inform_annual
VEN,2024,2024-01-01,6.4,5.9,6.5,6.9,5.9,4.0,4.4,inform_annual
VEN,2024,2024-02-01,6.4,5.9,6.5,6.9,5.9,4.0,4.4,inform_annual
VEN,2024,2024-03-01,6.4,5.9,6.5,6.9,5.9,4.0,4.4,inform_annual
VEN,2024,2024-04-01,6.4,5.9,6.5,6.9,5.9,4.0,4.4,inform_annual
VEN,2024,2024-05-01,6.4,5.9,6.5,6.9,5.9,4.0,4.4,inform_annual
VEN,2024,2024-06-01,6.4,5.9,6.5,6.9,5.9,4.0,4.4,inform_annual
VEN,2024,2024-07-01,6.4,5.9,6.5,6.9,5.9,4.0,4.4,inform_annual
VEN,2024,2024-08-01,6.4,5.9,6.5,6.9,5.9,4.0,4.4,inform_annual
VEN,2024,2024-09-01,6.4,5.9,6.5,6.9,5.9,4.0,4.4,inform_annual
VEN,2024,2024-10-01,6.4,5.9,6.5,6.9,5.9,4.0,4.4,inform_annual
VEN,2024,2024-11-01,6.4,5.9,6.5,6.9,5.9,4.0,4.4,inform_annual
VEN,2024,2024-12-01,6.4,5.9,6.5,6.9,5.9,4.0,4.4,inform_annual
